pid|did|type|rid|declared|result|elected|created_at|updated_at
"1"|"taplejung"|federal|"1"|"0"|"[{""party"":1,""name_np"":""हिमिला यामी"",""name_en"":""Hisila Yami"",""vote"":27629},{""party"":3,""name_np"":""शेरबहादुर देउवा"",""name_en"":""Sher Bahadur Deuba"",""vote"":1616},{""party"":4,""name_np"":""माधव कुमार नेपाल"",""name_en"":""Madhab Kumar Nepal"",""vote"":6457},{""party"":2,""name_np"":""रवि लामिछाने"",""name_en"":""Rabi Lamichhane"",""vote"":12648}]"|"{}"|"2022-09-10 15:21:37"|"2022-09-10 15:21:37"
"1"|"panchthar"|federal|"1"|"0"|"[{""party"":3,""name_np"":""जलनाथ खनाल"",""name_en"":""Jhalanath Khanal"",""vote"":6781},{""party"":2,""name_np"":""विश्वप्रकाश सुवेदी"",""name_en"":""Bishwa Prakash Subedi"",""vote"":29597},{""party"":4,""name_np"":""योगेश भट्टराई"",""name_en"":""Yogesh Bhattarai"",""vote"":12339},{""party"":0,""name_np"":""सागर ढकाल"",""name_en"":""Sagar Dhakal"",""vote"":17131}]"|"{}"|"2022-09-10 15:21:37"|"2022-09-10 15:21:37"
"1"|"illam"|federal|"1"|"0"|"[{""party"":2,""name_np"":""गगन थापा"",""name_en"":""Gagan Thapa"",""vote"":27763},{""party"":1,""name_np"":""बाबुरल भट्टराई"",""name_en"":""Baburam Bhattara"",""vote"":2385},{""party"":4,""name_np"":""जलनाथ खनाल"",""name_en"":""Jhalanath Khanal"",""vote"":12328},{""party"":3,""name_np"":""केपी ओली"",""name_en"":""KP Oli"",""vote"":10646}]"|"{}"|"2022-09-10 15:21:37"|"2022-09-10 15:21:37"
"1"|"illam"|federal|"2"|"0"|"[{""party"":4,""name_np"":""सागर ढकाल"",""name_en"":""Sagar Dhakal"",""vote"":2948},{""party"":3,""name_np"":""पुष्पकमल दाहाल"",""name_en"":""Pushpakamal Dahal"",""vote"":6728},{""party"":1,""name_np"":""रवि लामिछाने"",""name_en"":""Rabi Lamichhane"",""vote"":5626},{""party"":0,""name_np"":""विश्वप्रकाश सुवेदी"",""name_en"":""Bishwa Prakash Subedi"",""vote"":15585}]"|"{}"|"2022-09-10 15:21:37"|"2022-09-10 15:21:37"
"1"|"jhapa"|federal|"1"|"0"|"[{""party"":3,""name_np"":""सागर ढकाल"",""name_en"":""Sagar Dhakal"",""vote"":9622},{""party"":1,""name_np"":""जलनाथ खनाल"",""name_en"":""Jhalanath Khanal"",""vote"":26090},{""party"":0,""name_np"":""बाबुरल भट्टराई"",""name_en"":""Baburam Bhattara"",""vote"":21189},{""party"":4,""name_np"":""केपी ओली"",""name_en"":""KP Oli"",""vote"":24862}]"|"{}"|"2022-09-10 15:21:37"|"2022-09-10 15:21:37"
"1"|"jhapa"|federal|"2"|"0"|"[{""party"":2,""name_np"":""रवि लामिछाने"",""name_en"":""Rabi Lamichhane"",""vote"":13019},{""party"":0,""name_np"":""गगन थापा"",""name_en"":""Gagan Thapa"",""vote"":22249},{""party"":4,""name_np"":""पुष्पकमल दाहाल"",""name_en"":""Pushpakamal Dahal"",""vote"":11823},{""party"":1,""name_np"":""योगेश भट्टराई"",""name_en"":""Yogesh Bhattarai"",""vote"":6277}]"|"{}"|"2022-09-10 15:21:37"|"2022-09-10 15:21:37"
"1"|"jhapa"|federal|"3"|"1"|"[{""party"":4,""name_np"":""रवि लामिछाने"",""name_en"":""Rabi Lamichhane"",""vote"":22551},{""party"":1,""name_np"":""शेरबहादुर देउवा"",""name_en"":""Sher Bahadur Deuba"",""vote"":15143},{""party"":2,""name_np"":""केपी ओली"",""name_en"":""KP Oli"",""vote"":10038},{""party"":0,""name_np"":""माधव कुमार नेपाल"",""name_en"":""Madhab Kumar Nepal"",""vote"":8526}]"|"{""party"":4,""name_np"":""रवि लामिछाने"",""name_en"":""Rabi Lamichhane"",""vote"":22551}"|"2022-09-10 15:21:37"|"2022-09-10 15:21:37"
"1"|"jhapa"|federal|"4"|"0"|"[{""party"":4,""name_np"":""केपी ओली"",""name_en"":""KP Oli"",""vote"":12460},{""party"":0,""name_np"":""विश्वप्रकाश सुवेदी"",""name_en"":""Bishwa Prakash Subedi"",""vote"":6594},{""party"":2,""name_np"":""रवि लामिछाने"",""name_en"":""Rabi Lamichhane"",""vote"":6082},{""party"":1,""name_np"":""सागर ढकाल"",""name_en"":""Sagar Dhakal"",""vote"":19614}]"|"{}"|"2022-09-10 15:21:37"|"2022-09-10 15:21:37"
"1"|"jhapa"|federal|"5"|"0"|"[{""party"":4,""name_np"":""बाबुरल भट्टराई"",""name_en"":""Baburam Bhattara"",""vote"":20465},{""party"":3,""name_np"":""जलनाथ खनाल"",""name_en"":""Jhalanath Khanal"",""vote"":19815},{""party"":1,""name_np"":""हिमिला यामी"",""name_en"":""Hisila Yami"",""vote"":14631},{""party"":2,""name_np"":""विश्वप्रकाश सुवेदी"",""name_en"":""Bishwa Prakash Subedi"",""vote"":24722}]"|"{}"|"2022-09-10 15:21:37"|"2022-09-10 15:21:37"
"1"|"morang"|federal|"1"|"0"|"[{""party"":3,""name_np"":""राजेन्द्र लिङ्देन"",""name_en"":""Ranjendra Lingden"",""vote"":18882},{""party"":4,""name_np"":""रवि लामिछाने"",""name_en"":""Rabi Lamichhane"",""vote"":13604},{""party"":2,""name_np"":""शेरबहादुर देउवा"",""name_en"":""Sher Bahadur Deuba"",""vote"":14413},{""party"":1,""name_np"":""सागर ढकाल"",""name_en"":""Sagar Dhakal"",""vote"":27568}]"|"{}"|"2022-09-10 15:21:37"|"2022-09-10 15:21:37"
"1"|"morang"|federal|"2"|"0"|"[{""party"":3,""name_np"":""योगेश भट्टराई"",""name_en"":""Yogesh Bhattarai"",""vote"":13039},{""party"":1,""name_np"":""हिमिला यामी"",""name_en"":""Hisila Yami"",""vote"":3703},{""party"":0,""name_np"":""राजेन्द्र लिङ्देन"",""name_en"":""Ranjendra Lingden"",""vote"":16559},{""party"":4,""name_np"":""पुष्पकमल दाहाल"",""name_en"":""Pushpakamal Dahal"",""vote"":19273}]"|"{}"|"2022-09-10 15:21:37"|"2022-09-10 15:21:37"
"1"|"morang"|federal|"3"|"1"|"[{""party"":3,""name_np"":""सागर ढकाल"",""name_en"":""Sagar Dhakal"",""vote"":11895},{""party"":0,""name_np"":""केपी ओली"",""name_en"":""KP Oli"",""vote"":7036},{""party"":2,""name_np"":""बाबुरल भट्टराई"",""name_en"":""Baburam Bhattara"",""vote"":5880},{""party"":1,""name_np"":""योगेश भट्टराई"",""name_en"":""Yogesh Bhattarai"",""vote"":193}]"|"{""party"":3,""name_np"":""सागर ढकाल"",""name_en"":""Sagar Dhakal"",""vote"":11895}"|"2022-09-10 15:21:37"|"2022-09-10 15:21:37"
"1"|"morang"|federal|"4"|"0"|"[{""party"":0,""name_np"":""राजेन्द्र लिङ्देन"",""name_en"":""Ranjendra Lingden"",""vote"":17750},{""party"":1,""name_np"":""केपी ओली"",""name_en"":""KP Oli"",""vote"":3935},{""party"":2,""name_np"":""जलनाथ खनाल"",""name_en"":""Jhalanath Khanal"",""vote"":27014},{""party"":3,""name_np"":""बाबुरल भट्टराई"",""name_en"":""Baburam Bhattara"",""vote"":12666}]"|"{}"|"2022-09-10 15:21:37"|"2022-09-10 15:21:37"
"1"|"morang"|federal|"5"|"0"|"[{""party"":3,""name_np"":""विश्वप्रकाश सुवेदी"",""name_en"":""Bishwa Prakash Subedi"",""vote"":8971},{""party"":2,""name_np"":""हिमिला यामी"",""name_en"":""Hisila Yami"",""vote"":6473},{""party"":4,""name_np"":""गगन थापा"",""name_en"":""Gagan Thapa"",""vote"":17085},{""party"":1,""name_np"":""बाबुरल भट्टराई"",""name_en"":""Baburam Bhattara"",""vote"":13755}]"|"{}"|"2022-09-10 15:21:37"|"2022-09-10 15:21:37"
"1"|"morang"|federal|"6"|"0"|"[{""party"":2,""name_np"":""सागर ढकाल"",""name_en"":""Sagar Dhakal"",""vote"":404},{""party"":4,""name_np"":""विश्वप्रकाश सुवेदी"",""name_en"":""Bishwa Prakash Subedi"",""vote"":13128},{""party"":1,""name_np"":""बाबुरल भट्टराई"",""name_en"":""Baburam Bhattara"",""vote"":11290},{""party"":3,""name_np"":""पुष्पकमल दाहाल"",""name_en"":""Pushpakamal Dahal"",""vote"":27588}]"|"{}"|"2022-09-10 15:21:37"|"2022-09-10 15:21:37"
"1"|"sunsari"|federal|"1"|"0"|"[{""party"":1,""name_np"":""माधव कुमार नेपाल"",""name_en"":""Madhab Kumar Nepal"",""vote"":21342},{""party"":3,""name_np"":""रवि लामिछाने"",""name_en"":""Rabi Lamichhane"",""vote"":23787},{""party"":0,""name_np"":""योगेश भट्टराई"",""name_en"":""Yogesh Bhattarai"",""vote"":12969},{""party"":2,""name_np"":""केपी ओली"",""name_en"":""KP Oli"",""vote"":18070}]"|"{}"|"2022-09-10 15:21:37"|"2022-09-10 15:21:37"
"1"|"sunsari"|federal|"2"|"0"|"[{""party"":3,""name_np"":""गगन थापा"",""name_en"":""Gagan Thapa"",""vote"":28858},{""party"":0,""name_np"":""माधव कुमार नेपाल"",""name_en"":""Madhab Kumar Nepal"",""vote"":6892},{""party"":1,""name_np"":""बाबुरल भट्टराई"",""name_en"":""Baburam Bhattara"",""vote"":2338},{""party"":2,""name_np"":""हिमिला यामी"",""name_en"":""Hisila Yami"",""vote"":5011}]"|"{}"|"2022-09-10 15:21:37"|"2022-09-10 15:21:37"
"1"|"sunsari"|federal|"3"|"1"|"[{""party"":3,""name_np"":""योगेश भट्टराई"",""name_en"":""Yogesh Bhattarai"",""vote"":25636},{""party"":4,""name_np"":""गगन थापा"",""name_en"":""Gagan Thapa"",""vote"":12265},{""party"":1,""name_np"":""शेरबहादुर देउवा"",""name_en"":""Sher Bahadur Deuba"",""vote"":11261},{""party"":2,""name_np"":""विश्वप्रकाश सुवेदी"",""name_en"":""Bishwa Prakash Subedi"",""vote"":652}]"|"{""party"":3,""name_np"":""योगेश भट्टराई"",""name_en"":""Yogesh Bhattarai"",""vote"":25636}"|"2022-09-10 15:21:37"|"2022-09-10 15:21:37"
"1"|"sunsari"|federal|"4"|"0"|"[{""party"":0,""name_np"":""विश्वप्रकाश सुवेदी"",""name_en"":""Bishwa Prakash Subedi"",""vote"":17333},{""party"":4,""name_np"":""सागर ढकाल"",""name_en"":""Sagar Dhakal"",""vote"":8993},{""party"":3,""name_np"":""केपी ओली"",""name_en"":""KP Oli"",""vote"":18644},{""party"":1,""name_np"":""गगन थापा"",""name_en"":""Gagan Thapa"",""vote"":10678}]"|"{}"|"2022-09-10 15:21:37"|"2022-09-10 15:21:37"
"1"|"dhankuta"|federal|"1"|"0"|"[{""party"":3,""name_np"":""योगेश भट्टराई"",""name_en"":""Yogesh Bhattarai"",""vote"":15149},{""party"":2,""name_np"":""जलनाथ खनाल"",""name_en"":""Jhalanath Khanal"",""vote"":29089},{""party"":0,""name_np"":""पुष्पकमल दाहाल"",""name_en"":""Pushpakamal Dahal"",""vote"":3024},{""party"":4,""name_np"":""विश्वप्रकाश सुवेदी"",""name_en"":""Bishwa Prakash Subedi"",""vote"":28999}]"|"{}"|"2022-09-10 15:21:37"|"2022-09-10 15:21:37"
"1"|"sankhuwasabha"|federal|"1"|"0"|"[{""party"":2,""name_np"":""रवि लामिछाने"",""name_en"":""Rabi Lamichhane"",""vote"":29806},{""party"":0,""name_np"":""योगेश भट्टराई"",""name_en"":""Yogesh Bhattarai"",""vote"":13208},{""party"":1,""name_np"":""राजेन्द्र लिङ्देन"",""name_en"":""Ranjendra Lingden"",""vote"":5382},{""party"":3,""name_np"":""जलनाथ खनाल"",""name_en"":""Jhalanath Khanal"",""vote"":23957}]"|"{}"|"2022-09-10 15:21:37"|"2022-09-10 15:21:37"
"1"|"bhojpur"|federal|"1"|"0"|"[{""party"":1,""name_np"":""पुष्पकमल दाहाल"",""name_en"":""Pushpakamal Dahal"",""vote"":6557},{""party"":0,""name_np"":""जलनाथ खनाल"",""name_en"":""Jhalanath Khanal"",""vote"":4253},{""party"":4,""name_np"":""हिमिला यामी"",""name_en"":""Hisila Yami"",""vote"":23740},{""party"":2,""name_np"":""माधव कुमार नेपाल"",""name_en"":""Madhab Kumar Nepal"",""vote"":19975}]"|"{}"|"2022-09-10 15:21:37"|"2022-09-10 15:21:37"
"1"|"terhathum"|federal|"1"|"0"|"[{""party"":2,""name_np"":""गगन थापा"",""name_en"":""Gagan Thapa"",""vote"":22920},{""party"":0,""name_np"":""हिमिला यामी"",""name_en"":""Hisila Yami"",""vote"":2991},{""party"":3,""name_np"":""सागर ढकाल"",""name_en"":""Sagar Dhakal"",""vote"":24645},{""party"":4,""name_np"":""रवि लामिछाने"",""name_en"":""Rabi Lamichhane"",""vote"":12245}]"|"{}"|"2022-09-10 15:21:37"|"2022-09-10 15:21:37"
"1"|"okhaldhunga"|federal|"1"|"0"|"[{""party"":4,""name_np"":""विश्वप्रकाश सुवेदी"",""name_en"":""Bishwa Prakash Subedi"",""vote"":25861},{""party"":3,""name_np"":""बाबुरल भट्टराई"",""name_en"":""Baburam Bhattara"",""vote"":3975},{""party"":2,""name_np"":""गगन थापा"",""name_en"":""Gagan Thapa"",""vote"":8490},{""party"":1,""name_np"":""सागर ढकाल"",""name_en"":""Sagar Dhakal"",""vote"":23367}]"|"{}"|"2022-09-10 15:21:37"|"2022-09-10 15:21:37"
"1"|"khotang"|federal|"1"|"0"|"[{""party"":0,""name_np"":""जलनाथ खनाल"",""name_en"":""Jhalanath Khanal"",""vote"":13372},{""party"":4,""name_np"":""गगन थापा"",""name_en"":""Gagan Thapa"",""vote"":13301},{""party"":1,""name_np"":""बाबुरल भट्टराई"",""name_en"":""Baburam Bhattara"",""vote"":18918},{""party"":3,""name_np"":""योगेश भट्टराई"",""name_en"":""Yogesh Bhattarai"",""vote"":16469}]"|"{}"|"2022-09-10 15:21:37"|"2022-09-10 15:21:37"
"1"|"solukhumbu"|federal|"1"|"0"|"[{""party"":3,""name_np"":""हिमिला यामी"",""name_en"":""Hisila Yami"",""vote"":18312},{""party"":4,""name_np"":""सागर ढकाल"",""name_en"":""Sagar Dhakal"",""vote"":4731},{""party"":1,""name_np"":""जलनाथ खनाल"",""name_en"":""Jhalanath Khanal"",""vote"":10028},{""party"":2,""name_np"":""विश्वप्रकाश सुवेदी"",""name_en"":""Bishwa Prakash Subedi"",""vote"":1974}]"|"{}"|"2022-09-10 15:21:37"|"2022-09-10 15:21:37"
"1"|"udayapur"|federal|"1"|"0"|"[{""party"":0,""name_np"":""केपी ओली"",""name_en"":""KP Oli"",""vote"":1521},{""party"":2,""name_np"":""बाबुरल भट्टराई"",""name_en"":""Baburam Bhattara"",""vote"":18586},{""party"":4,""name_np"":""जलनाथ खनाल"",""name_en"":""Jhalanath Khanal"",""vote"":8707},{""party"":3,""name_np"":""राजेन्द्र लिङ्देन"",""name_en"":""Ranjendra Lingden"",""vote"":7271}]"|"{}"|"2022-09-10 15:21:37"|"2022-09-10 15:21:37"
"1"|"udayapur"|federal|"2"|"0"|"[{""party"":2,""name_np"":""हिमिला यामी"",""name_en"":""Hisila Yami"",""vote"":315},{""party"":0,""name_np"":""रवि लामिछाने"",""name_en"":""Rabi Lamichhane"",""vote"":18459},{""party"":3,""name_np"":""केपी ओली"",""name_en"":""KP Oli"",""vote"":5982},{""party"":1,""name_np"":""शेरबहादुर देउवा"",""name_en"":""Sher Bahadur Deuba"",""vote"":18925}]"|"{}"|"2022-09-10 15:21:37"|"2022-09-10 15:21:37"
"2"|"saptari"|federal|"1"|"0"|"[{""party"":0,""name_np"":""शेरबहादुर देउवा"",""name_en"":""Sher Bahadur Deuba"",""vote"":13288},{""party"":4,""name_np"":""बाबुरल भट्टराई"",""name_en"":""Baburam Bhattara"",""vote"":15490},{""party"":2,""name_np"":""विश्वप्रकाश सुवेदी"",""name_en"":""Bishwa Prakash Subedi"",""vote"":3421},{""party"":3,""name_np"":""सागर ढकाल"",""name_en"":""Sagar Dhakal"",""vote"":14013}]"|"{}"|"2022-09-10 15:21:37"|"2022-09-10 15:21:37"
"2"|"saptari"|federal|"2"|"0"|"[{""party"":3,""name_np"":""गगन थापा"",""name_en"":""Gagan Thapa"",""vote"":9551},{""party"":2,""name_np"":""जलनाथ खनाल"",""name_en"":""Jhalanath Khanal"",""vote"":2717},{""party"":0,""name_np"":""पुष्पकमल दाहाल"",""name_en"":""Pushpakamal Dahal"",""vote"":24754},{""party"":1,""name_np"":""राजेन्द्र लिङ्देन"",""name_en"":""Ranjendra Lingden"",""vote"":23124}]"|"{}"|"2022-09-10 15:21:37"|"2022-09-10 15:21:37"
"2"|"saptari"|federal|"3"|"1"|"[{""party"":0,""name_np"":""केपी ओली"",""name_en"":""KP Oli"",""vote"":23495},{""party"":1,""name_np"":""बाबुरल भट्टराई"",""name_en"":""Baburam Bhattara"",""vote"":17723},{""party"":4,""name_np"":""पुष्पकमल दाहाल"",""name_en"":""Pushpakamal Dahal"",""vote"":14382},{""party"":3,""name_np"":""सागर ढकाल"",""name_en"":""Sagar Dhakal"",""vote"":11904}]"|"{""party"":0,""name_np"":""केपी ओली"",""name_en"":""KP Oli"",""vote"":23495}"|"2022-09-10 15:21:37"|"2022-09-10 15:21:37"
"2"|"saptari"|federal|"4"|"0"|"[{""party"":4,""name_np"":""बाबुरल भट्टराई"",""name_en"":""Baburam Bhattara"",""vote"":22647},{""party"":3,""name_np"":""विश्वप्रकाश सुवेदी"",""name_en"":""Bishwa Prakash Subedi"",""vote"":7556},{""party"":0,""name_np"":""गगन थापा"",""name_en"":""Gagan Thapa"",""vote"":17370},{""party"":2,""name_np"":""रवि लामिछाने"",""name_en"":""Rabi Lamichhane"",""vote"":27718}]"|"{}"|"2022-09-10 15:21:37"|"2022-09-10 15:21:37"
"2"|"siraha"|federal|"1"|"0"|"[{""party"":2,""name_np"":""गगन थापा"",""name_en"":""Gagan Thapa"",""vote"":15065},{""party"":3,""name_np"":""सागर ढकाल"",""name_en"":""Sagar Dhakal"",""vote"":11672},{""party"":0,""name_np"":""माधव कुमार नेपाल"",""name_en"":""Madhab Kumar Nepal"",""vote"":8784},{""party"":4,""name_np"":""हिमिला यामी"",""name_en"":""Hisila Yami"",""vote"":7996}]"|"{}"|"2022-09-10 15:21:37"|"2022-09-10 15:21:37"
"2"|"siraha"|federal|"2"|"0"|"[{""party"":0,""name_np"":""हिमिला यामी"",""name_en"":""Hisila Yami"",""vote"":3321},{""party"":1,""name_np"":""केपी ओली"",""name_en"":""KP Oli"",""vote"":29167},{""party"":4,""name_np"":""शेरबहादुर देउवा"",""name_en"":""Sher Bahadur Deuba"",""vote"":4223},{""party"":2,""name_np"":""योगेश भट्टराई"",""name_en"":""Yogesh Bhattarai"",""vote"":21060}]"|"{}"|"2022-09-10 15:21:37"|"2022-09-10 15:21:37"
"2"|"siraha"|federal|"3"|"1"|"[{""party"":1,""name_np"":""हिमिला यामी"",""name_en"":""Hisila Yami"",""vote"":14462},{""party"":3,""name_np"":""गगन थापा"",""name_en"":""Gagan Thapa"",""vote"":11408},{""party"":4,""name_np"":""केपी ओली"",""name_en"":""KP Oli"",""vote"":10072},{""party"":0,""name_np"":""राजेन्द्र लिङ्देन"",""name_en"":""Ranjendra Lingden"",""vote"":3187}]"|"{""party"":1,""name_np"":""हिमिला यामी"",""name_en"":""Hisila Yami"",""vote"":14462}"|"2022-09-10 15:21:37"|"2022-09-10 15:21:37"
"2"|"siraha"|federal|"4"|"0"|"[{""party"":1,""name_np"":""योगेश भट्टराई"",""name_en"":""Yogesh Bhattarai"",""vote"":18512},{""party"":2,""name_np"":""राजेन्द्र लिङ्देन"",""name_en"":""Ranjendra Lingden"",""vote"":1661},{""party"":4,""name_np"":""माधव कुमार नेपाल"",""name_en"":""Madhab Kumar Nepal"",""vote"":23074},{""party"":3,""name_np"":""शेरबहादुर देउवा"",""name_en"":""Sher Bahadur Deuba"",""vote"":19386}]"|"{}"|"2022-09-10 15:21:37"|"2022-09-10 15:21:37"
"2"|"dhanusa"|federal|"1"|"0"|"[{""party"":3,""name_np"":""रवि लामिछाने"",""name_en"":""Rabi Lamichhane"",""vote"":21527},{""party"":1,""name_np"":""हिमिला यामी"",""name_en"":""Hisila Yami"",""vote"":28242},{""party"":0,""name_np"":""बाबुरल भट्टराई"",""name_en"":""Baburam Bhattara"",""vote"":27793},{""party"":2,""name_np"":""गगन थापा"",""name_en"":""Gagan Thapa"",""vote"":19492}]"|"{}"|"2022-09-10 15:21:37"|"2022-09-10 15:21:37"
"2"|"dhanusa"|federal|"2"|"0"|"[{""party"":3,""name_np"":""विश्वप्रकाश सुवेदी"",""name_en"":""Bishwa Prakash Subedi"",""vote"":5637},{""party"":2,""name_np"":""रवि लामिछाने"",""name_en"":""Rabi Lamichhane"",""vote"":20730},{""party"":4,""name_np"":""राजेन्द्र लिङ्देन"",""name_en"":""Ranjendra Lingden"",""vote"":1109},{""party"":0,""name_np"":""केपी ओली"",""name_en"":""KP Oli"",""vote"":22170}]"|"{}"|"2022-09-10 15:21:37"|"2022-09-10 15:21:37"
"2"|"dhanusa"|federal|"3"|"1"|"[{""party"":1,""name_np"":""पुष्पकमल दाहाल"",""name_en"":""Pushpakamal Dahal"",""vote"":11629},{""party"":3,""name_np"":""गगन थापा"",""name_en"":""Gagan Thapa"",""vote"":10279},{""party"":4,""name_np"":""विश्वप्रकाश सुवेदी"",""name_en"":""Bishwa Prakash Subedi"",""vote"":7518},{""party"":2,""name_np"":""सागर ढकाल"",""name_en"":""Sagar Dhakal"",""vote"":4747}]"|"{""party"":1,""name_np"":""पुष्पकमल दाहाल"",""name_en"":""Pushpakamal Dahal"",""vote"":11629}"|"2022-09-10 15:21:37"|"2022-09-10 15:21:37"
"2"|"dhanusa"|federal|"4"|"0"|"[{""party"":2,""name_np"":""बाबुरल भट्टराई"",""name_en"":""Baburam Bhattara"",""vote"":934},{""party"":1,""name_np"":""योगेश भट्टराई"",""name_en"":""Yogesh Bhattarai"",""vote"":25957},{""party"":4,""name_np"":""राजेन्द्र लिङ्देन"",""name_en"":""Ranjendra Lingden"",""vote"":24878},{""party"":3,""name_np"":""गगन थापा"",""name_en"":""Gagan Thapa"",""vote"":25313}]"|"{}"|"2022-09-10 15:21:37"|"2022-09-10 15:21:37"
"2"|"mahottari"|federal|"1"|"0"|"[{""party"":2,""name_np"":""पुष्पकमल दाहाल"",""name_en"":""Pushpakamal Dahal"",""vote"":22985},{""party"":0,""name_np"":""माधव कुमार नेपाल"",""name_en"":""Madhab Kumar Nepal"",""vote"":24962},{""party"":1,""name_np"":""राजेन्द्र लिङ्देन"",""name_en"":""Ranjendra Lingden"",""vote"":6724},{""party"":3,""name_np"":""केपी ओली"",""name_en"":""KP Oli"",""vote"":1784}]"|"{}"|"2022-09-10 15:21:37"|"2022-09-10 15:21:37"
"2"|"mahottari"|federal|"2"|"0"|"[{""party"":2,""name_np"":""रवि लामिछाने"",""name_en"":""Rabi Lamichhane"",""vote"":24524},{""party"":0,""name_np"":""राजेन्द्र लिङ्देन"",""name_en"":""Ranjendra Lingden"",""vote"":22971},{""party"":3,""name_np"":""विश्वप्रकाश सुवेदी"",""name_en"":""Bishwa Prakash Subedi"",""vote"":14878},{""party"":1,""name_np"":""सागर ढकाल"",""name_en"":""Sagar Dhakal"",""vote"":9582}]"|"{}"|"2022-09-10 15:21:37"|"2022-09-10 15:21:37"
"2"|"mahottari"|federal|"3"|"1"|"[{""party"":3,""name_np"":""राजेन्द्र लिङ्देन"",""name_en"":""Ranjendra Lingden"",""vote"":19739},{""party"":2,""name_np"":""गगन थापा"",""name_en"":""Gagan Thapa"",""vote"":14773},{""party"":4,""name_np"":""योगेश भट्टराई"",""name_en"":""Yogesh Bhattarai"",""vote"":14725},{""party"":0,""name_np"":""बाबुरल भट्टराई"",""name_en"":""Baburam Bhattara"",""vote"":6012}]"|"{""party"":3,""name_np"":""राजेन्द्र लिङ्देन"",""name_en"":""Ranjendra Lingden"",""vote"":19739}"|"2022-09-10 15:21:37"|"2022-09-10 15:21:37"
"2"|"mahottari"|federal|"4"|"0"|"[{""party"":3,""name_np"":""राजेन्द्र लिङ्देन"",""name_en"":""Ranjendra Lingden"",""vote"":21474},{""party"":1,""name_np"":""बाबुरल भट्टराई"",""name_en"":""Baburam Bhattara"",""vote"":14509},{""party"":0,""name_np"":""विश्वप्रकाश सुवेदी"",""name_en"":""Bishwa Prakash Subedi"",""vote"":4325},{""party"":2,""name_np"":""केपी ओली"",""name_en"":""KP Oli"",""vote"":17754}]"|"{}"|"2022-09-10 15:21:37"|"2022-09-10 15:21:37"
"2"|"sarlahi"|federal|"1"|"0"|"[{""party"":1,""name_np"":""योगेश भट्टराई"",""name_en"":""Yogesh Bhattarai"",""vote"":11717},{""party"":2,""name_np"":""जलनाथ खनाल"",""name_en"":""Jhalanath Khanal"",""vote"":9986},{""party"":4,""name_np"":""गगन थापा"",""name_en"":""Gagan Thapa"",""vote"":7461},{""party"":0,""name_np"":""सागर ढकाल"",""name_en"":""Sagar Dhakal"",""vote"":24186}]"|"{}"|"2022-09-10 15:21:37"|"2022-09-10 15:21:37"
"2"|"sarlahi"|federal|"2"|"0"|"[{""party"":0,""name_np"":""गगन थापा"",""name_en"":""Gagan Thapa"",""vote"":968},{""party"":4,""name_np"":""हिमिला यामी"",""name_en"":""Hisila Yami"",""vote"":5107},{""party"":2,""name_np"":""पुष्पकमल दाहाल"",""name_en"":""Pushpakamal Dahal"",""vote"":453},{""party"":1,""name_np"":""रवि लामिछाने"",""name_en"":""Rabi Lamichhane"",""vote"":17816}]"|"{}"|"2022-09-10 15:21:37"|"2022-09-10 15:21:37"
"2"|"sarlahi"|federal|"3"|"1"|"[{""party"":2,""name_np"":""योगेश भट्टराई"",""name_en"":""Yogesh Bhattarai"",""vote"":23638},{""party"":3,""name_np"":""राजेन्द्र लिङ्देन"",""name_en"":""Ranjendra Lingden"",""vote"":22418},{""party"":1,""name_np"":""रवि लामिछाने"",""name_en"":""Rabi Lamichhane"",""vote"":10960},{""party"":0,""name_np"":""गगन थापा"",""name_en"":""Gagan Thapa"",""vote"":10397}]"|"{""party"":2,""name_np"":""योगेश भट्टराई"",""name_en"":""Yogesh Bhattarai"",""vote"":23638}"|"2022-09-10 15:21:37"|"2022-09-10 15:21:37"
"2"|"sarlahi"|federal|"4"|"0"|"[{""party"":1,""name_np"":""जलनाथ खनाल"",""name_en"":""Jhalanath Khanal"",""vote"":9887},{""party"":4,""name_np"":""बाबुरल भट्टराई"",""name_en"":""Baburam Bhattara"",""vote"":29254},{""party"":0,""name_np"":""विश्वप्रकाश सुवेदी"",""name_en"":""Bishwa Prakash Subedi"",""vote"":5588},{""party"":2,""name_np"":""हिमिला यामी"",""name_en"":""Hisila Yami"",""vote"":16828}]"|"{}"|"2022-09-10 15:21:37"|"2022-09-10 15:21:37"
"2"|"rauthat"|federal|"1"|"0"|"[{""party"":2,""name_np"":""जलनाथ खनाल"",""name_en"":""Jhalanath Khanal"",""vote"":22300},{""party"":4,""name_np"":""सागर ढकाल"",""name_en"":""Sagar Dhakal"",""vote"":12892},{""party"":0,""name_np"":""बाबुरल भट्टराई"",""name_en"":""Baburam Bhattara"",""vote"":3347},{""party"":1,""name_np"":""माधव कुमार नेपाल"",""name_en"":""Madhab Kumar Nepal"",""vote"":27858}]"|"{}"|"2022-09-10 15:21:37"|"2022-09-10 15:21:37"
"2"|"rauthat"|federal|"2"|"0"|"[{""party"":2,""name_np"":""रवि लामिछाने"",""name_en"":""Rabi Lamichhane"",""vote"":6877},{""party"":0,""name_np"":""गगन थापा"",""name_en"":""Gagan Thapa"",""vote"":267},{""party"":4,""name_np"":""राजेन्द्र लिङ्देन"",""name_en"":""Ranjendra Lingden"",""vote"":15953},{""party"":3,""name_np"":""जलनाथ खनाल"",""name_en"":""Jhalanath Khanal"",""vote"":27390}]"|"{}"|"2022-09-10 15:21:37"|"2022-09-10 15:21:37"
"2"|"rauthat"|federal|"3"|"1"|"[{""party"":1,""name_np"":""योगेश भट्टराई"",""name_en"":""Yogesh Bhattarai"",""vote"":29686},{""party"":0,""name_np"":""हिमिला यामी"",""name_en"":""Hisila Yami"",""vote"":16276},{""party"":2,""name_np"":""बाबुरल भट्टराई"",""name_en"":""Baburam Bhattara"",""vote"":8071},{""party"":4,""name_np"":""शेरबहादुर देउवा"",""name_en"":""Sher Bahadur Deuba"",""vote"":2601}]"|"{""party"":1,""name_np"":""योगेश भट्टराई"",""name_en"":""Yogesh Bhattarai"",""vote"":29686}"|"2022-09-10 15:21:37"|"2022-09-10 15:21:37"
"2"|"rauthat"|federal|"4"|"0"|"[{""party"":3,""name_np"":""जलनाथ खनाल"",""name_en"":""Jhalanath Khanal"",""vote"":5314},{""party"":0,""name_np"":""गगन थापा"",""name_en"":""Gagan Thapa"",""vote"":2312},{""party"":2,""name_np"":""बाबुरल भट्टराई"",""name_en"":""Baburam Bhattara"",""vote"":1883},{""party"":4,""name_np"":""योगेश भट्टराई"",""name_en"":""Yogesh Bhattarai"",""vote"":18262}]"|"{}"|"2022-09-10 15:21:37"|"2022-09-10 15:21:37"
"2"|"bara"|federal|"1"|"0"|"[{""party"":0,""name_np"":""केपी ओली"",""name_en"":""KP Oli"",""vote"":19231},{""party"":3,""name_np"":""रवि लामिछाने"",""name_en"":""Rabi Lamichhane"",""vote"":14897},{""party"":4,""name_np"":""राजेन्द्र लिङ्देन"",""name_en"":""Ranjendra Lingden"",""vote"":22303},{""party"":2,""name_np"":""बाबुरल भट्टराई"",""name_en"":""Baburam Bhattara"",""vote"":26927}]"|"{}"|"2022-09-10 15:21:37"|"2022-09-10 15:21:37"
"2"|"bara"|federal|"2"|"0"|"[{""party"":1,""name_np"":""केपी ओली"",""name_en"":""KP Oli"",""vote"":16466},{""party"":2,""name_np"":""बाबुरल भट्टराई"",""name_en"":""Baburam Bhattara"",""vote"":25529},{""party"":0,""name_np"":""हिमिला यामी"",""name_en"":""Hisila Yami"",""vote"":20828},{""party"":3,""name_np"":""रवि लामिछाने"",""name_en"":""Rabi Lamichhane"",""vote"":23425}]"|"{}"|"2022-09-10 15:21:37"|"2022-09-10 15:21:37"
"2"|"bara"|federal|"3"|"1"|"[{""party"":1,""name_np"":""विश्वप्रकाश सुवेदी"",""name_en"":""Bishwa Prakash Subedi"",""vote"":29152},{""party"":2,""name_np"":""जलनाथ खनाल"",""name_en"":""Jhalanath Khanal"",""vote"":18548},{""party"":4,""name_np"":""केपी ओली"",""name_en"":""KP Oli"",""vote"":16013},{""party"":0,""name_np"":""शेरबहादुर देउवा"",""name_en"":""Sher Bahadur Deuba"",""vote"":6036}]"|"{""party"":1,""name_np"":""विश्वप्रकाश सुवेदी"",""name_en"":""Bishwa Prakash Subedi"",""vote"":29152}"|"2022-09-10 15:21:37"|"2022-09-10 15:21:37"
"2"|"bara"|federal|"4"|"0"|"[{""party"":0,""name_np"":""केपी ओली"",""name_en"":""KP Oli"",""vote"":8878},{""party"":1,""name_np"":""शेरबहादुर देउवा"",""name_en"":""Sher Bahadur Deuba"",""vote"":28428},{""party"":2,""name_np"":""योगेश भट्टराई"",""name_en"":""Yogesh Bhattarai"",""vote"":2293},{""party"":3,""name_np"":""पुष्पकमल दाहाल"",""name_en"":""Pushpakamal Dahal"",""vote"":28581}]"|"{}"|"2022-09-10 15:21:37"|"2022-09-10 15:21:37"
"2"|"parsa"|federal|"1"|"0"|"[{""party"":1,""name_np"":""हिमिला यामी"",""name_en"":""Hisila Yami"",""vote"":1249},{""party"":3,""name_np"":""माधव कुमार नेपाल"",""name_en"":""Madhab Kumar Nepal"",""vote"":20962},{""party"":0,""name_np"":""सागर ढकाल"",""name_en"":""Sagar Dhakal"",""vote"":5494},{""party"":4,""name_np"":""जलनाथ खनाल"",""name_en"":""Jhalanath Khanal"",""vote"":24512}]"|"{}"|"2022-09-10 15:21:37"|"2022-09-10 15:21:37"
"2"|"parsa"|federal|"2"|"0"|"[{""party"":4,""name_np"":""माधव कुमार नेपाल"",""name_en"":""Madhab Kumar Nepal"",""vote"":11641},{""party"":2,""name_np"":""योगेश भट्टराई"",""name_en"":""Yogesh Bhattarai"",""vote"":22183},{""party"":1,""name_np"":""बाबुरल भट्टराई"",""name_en"":""Baburam Bhattara"",""vote"":13253},{""party"":0,""name_np"":""शेरबहादुर देउवा"",""name_en"":""Sher Bahadur Deuba"",""vote"":21866}]"|"{}"|"2022-09-10 15:21:37"|"2022-09-10 15:21:37"
"2"|"parsa"|federal|"3"|"1"|"[{""party"":3,""name_np"":""हिमिला यामी"",""name_en"":""Hisila Yami"",""vote"":26231},{""party"":2,""name_np"":""योगेश भट्टराई"",""name_en"":""Yogesh Bhattarai"",""vote"":12763},{""party"":1,""name_np"":""रवि लामिछाने"",""name_en"":""Rabi Lamichhane"",""vote"":11771},{""party"":0,""name_np"":""विश्वप्रकाश सुवेदी"",""name_en"":""Bishwa Prakash Subedi"",""vote"":11489}]"|"{""party"":3,""name_np"":""हिमिला यामी"",""name_en"":""Hisila Yami"",""vote"":26231}"|"2022-09-10 15:21:37"|"2022-09-10 15:21:37"
"2"|"parsa"|federal|"4"|"0"|"[{""party"":1,""name_np"":""सागर ढकाल"",""name_en"":""Sagar Dhakal"",""vote"":25733},{""party"":3,""name_np"":""जलनाथ खनाल"",""name_en"":""Jhalanath Khanal"",""vote"":28096},{""party"":2,""name_np"":""केपी ओली"",""name_en"":""KP Oli"",""vote"":24002},{""party"":0,""name_np"":""शेरबहादुर देउवा"",""name_en"":""Sher Bahadur Deuba"",""vote"":22299}]"|"{}"|"2022-09-10 15:21:37"|"2022-09-10 15:21:37"
"3"|"sindhuli"|federal|"1"|"0"|"[{""party"":4,""name_np"":""पुष्पकमल दाहाल"",""name_en"":""Pushpakamal Dahal"",""vote"":22561},{""party"":0,""name_np"":""केपी ओली"",""name_en"":""KP Oli"",""vote"":468},{""party"":1,""name_np"":""जलनाथ खनाल"",""name_en"":""Jhalanath Khanal"",""vote"":6667},{""party"":2,""name_np"":""सागर ढकाल"",""name_en"":""Sagar Dhakal"",""vote"":16574}]"|"{}"|"2022-09-10 15:21:37"|"2022-09-10 15:21:37"
"3"|"sindhuli"|federal|"2"|"0"|"[{""party"":0,""name_np"":""रवि लामिछाने"",""name_en"":""Rabi Lamichhane"",""vote"":12634},{""party"":3,""name_np"":""गगन थापा"",""name_en"":""Gagan Thapa"",""vote"":11824},{""party"":2,""name_np"":""बाबुरल भट्टराई"",""name_en"":""Baburam Bhattara"",""vote"":20945},{""party"":4,""name_np"":""योगेश भट्टराई"",""name_en"":""Yogesh Bhattarai"",""vote"":13696}]"|"{}"|"2022-09-10 15:21:37"|"2022-09-10 15:21:37"
"3"|"ramechhap"|federal|"1"|"0"|"[{""party"":3,""name_np"":""माधव कुमार नेपाल"",""name_en"":""Madhab Kumar Nepal"",""vote"":1036},{""party"":2,""name_np"":""बाबुरल भट्टराई"",""name_en"":""Baburam Bhattara"",""vote"":13853},{""party"":4,""name_np"":""योगेश भट्टराई"",""name_en"":""Yogesh Bhattarai"",""vote"":17772},{""party"":1,""name_np"":""रवि लामिछाने"",""name_en"":""Rabi Lamichhane"",""vote"":6676}]"|"{}"|"2022-09-10 15:21:37"|"2022-09-10 15:21:37"
"3"|"dolkha"|federal|"1"|"0"|"[{""party"":1,""name_np"":""पुष्पकमल दाहाल"",""name_en"":""Pushpakamal Dahal"",""vote"":18592},{""party"":0,""name_np"":""विश्वप्रकाश सुवेदी"",""name_en"":""Bishwa Prakash Subedi"",""vote"":11689},{""party"":4,""name_np"":""राजेन्द्र लिङ्देन"",""name_en"":""Ranjendra Lingden"",""vote"":11259},{""party"":2,""name_np"":""केपी ओली"",""name_en"":""KP Oli"",""vote"":19876}]"|"{}"|"2022-09-10 15:21:37"|"2022-09-10 15:21:37"
"3"|"sindhupalchowk"|federal|"1"|"0"|"[{""party"":3,""name_np"":""पुष्पकमल दाहाल"",""name_en"":""Pushpakamal Dahal"",""vote"":14801},{""party"":4,""name_np"":""विश्वप्रकाश सुवेदी"",""name_en"":""Bishwa Prakash Subedi"",""vote"":11069},{""party"":2,""name_np"":""जलनाथ खनाल"",""name_en"":""Jhalanath Khanal"",""vote"":14460},{""party"":1,""name_np"":""माधव कुमार नेपाल"",""name_en"":""Madhab Kumar Nepal"",""vote"":6743}]"|"{}"|"2022-09-10 15:21:37"|"2022-09-10 15:21:37"
"3"|"sindhupalchowk"|federal|"2"|"0"|"[{""party"":2,""name_np"":""रवि लामिछाने"",""name_en"":""Rabi Lamichhane"",""vote"":83},{""party"":1,""name_np"":""योगेश भट्टराई"",""name_en"":""Yogesh Bhattarai"",""vote"":25185},{""party"":0,""name_np"":""शेरबहादुर देउवा"",""name_en"":""Sher Bahadur Deuba"",""vote"":27526},{""party"":3,""name_np"":""हिमिला यामी"",""name_en"":""Hisila Yami"",""vote"":15239}]"|"{}"|"2022-09-10 15:21:37"|"2022-09-10 15:21:37"
"3"|"kavrepalanchowk"|federal|"1"|"0"|"[{""party"":0,""name_np"":""सागर ढकाल"",""name_en"":""Sagar Dhakal"",""vote"":26918},{""party"":3,""name_np"":""योगेश भट्टराई"",""name_en"":""Yogesh Bhattarai"",""vote"":7089},{""party"":4,""name_np"":""गगन थापा"",""name_en"":""Gagan Thapa"",""vote"":29097},{""party"":1,""name_np"":""हिमिला यामी"",""name_en"":""Hisila Yami"",""vote"":11358}]"|"{}"|"2022-09-10 15:21:37"|"2022-09-10 15:21:37"
"3"|"kavrepalanchowk"|federal|"2"|"0"|"[{""party"":2,""name_np"":""सागर ढकाल"",""name_en"":""Sagar Dhakal"",""vote"":21221},{""party"":4,""name_np"":""पुष्पकमल दाहाल"",""name_en"":""Pushpakamal Dahal"",""vote"":21672},{""party"":1,""name_np"":""राजेन्द्र लिङ्देन"",""name_en"":""Ranjendra Lingden"",""vote"":19417},{""party"":0,""name_np"":""शेरबहादुर देउवा"",""name_en"":""Sher Bahadur Deuba"",""vote"":18724}]"|"{}"|"2022-09-10 15:21:37"|"2022-09-10 15:21:37"
"3"|"lalitpur"|federal|"1"|"0"|"[{""party"":0,""name_np"":""राजेन्द्र लिङ्देन"",""name_en"":""Ranjendra Lingden"",""vote"":5489},{""party"":4,""name_np"":""गगन थापा"",""name_en"":""Gagan Thapa"",""vote"":19891},{""party"":2,""name_np"":""जलनाथ खनाल"",""name_en"":""Jhalanath Khanal"",""vote"":14382},{""party"":3,""name_np"":""सागर ढकाल"",""name_en"":""Sagar Dhakal"",""vote"":4483}]"|"{}"|"2022-09-10 15:21:37"|"2022-09-10 15:21:37"
"3"|"lalitpur"|federal|"2"|"0"|"[{""party"":4,""name_np"":""विश्वप्रकाश सुवेदी"",""name_en"":""Bishwa Prakash Subedi"",""vote"":2931},{""party"":2,""name_np"":""केपी ओली"",""name_en"":""KP Oli"",""vote"":4529},{""party"":1,""name_np"":""पुष्पकमल दाहाल"",""name_en"":""Pushpakamal Dahal"",""vote"":22912},{""party"":3,""name_np"":""रवि लामिछाने"",""name_en"":""Rabi Lamichhane"",""vote"":1827}]"|"{}"|"2022-09-10 15:21:37"|"2022-09-10 15:21:37"
"3"|"lalitpur"|federal|"3"|"1"|"[{""party"":2,""name_np"":""जलनाथ खनाल"",""name_en"":""Jhalanath Khanal"",""vote"":7904},{""party"":3,""name_np"":""गगन थापा"",""name_en"":""Gagan Thapa"",""vote"":5940},{""party"":0,""name_np"":""शेरबहादुर देउवा"",""name_en"":""Sher Bahadur Deuba"",""vote"":5861},{""party"":1,""name_np"":""केपी ओली"",""name_en"":""KP Oli"",""vote"":4239}]"|"{""party"":2,""name_np"":""जलनाथ खनाल"",""name_en"":""Jhalanath Khanal"",""vote"":7904}"|"2022-09-10 15:21:37"|"2022-09-10 15:21:37"
"3"|"bhaktapur"|federal|"1"|"0"|"[{""party"":3,""name_np"":""बाबुरल भट्टराई"",""name_en"":""Baburam Bhattara"",""vote"":24393},{""party"":0,""name_np"":""माधव कुमार नेपाल"",""name_en"":""Madhab Kumar Nepal"",""vote"":1477},{""party"":1,""name_np"":""हिमिला यामी"",""name_en"":""Hisila Yami"",""vote"":28974},{""party"":2,""name_np"":""सागर ढकाल"",""name_en"":""Sagar Dhakal"",""vote"":4713}]"|"{}"|"2022-09-10 15:21:37"|"2022-09-10 15:21:37"
"3"|"bhaktapur"|federal|"2"|"0"|"[{""party"":1,""name_np"":""गगन थापा"",""name_en"":""Gagan Thapa"",""vote"":25327},{""party"":4,""name_np"":""बाबुरल भट्टराई"",""name_en"":""Baburam Bhattara"",""vote"":773},{""party"":0,""name_np"":""राजेन्द्र लिङ्देन"",""name_en"":""Ranjendra Lingden"",""vote"":5825},{""party"":2,""name_np"":""रवि लामिछाने"",""name_en"":""Rabi Lamichhane"",""vote"":29230}]"|"{}"|"2022-09-10 15:21:37"|"2022-09-10 15:21:37"
"3"|"kathmandu"|federal|"1"|"0"|"[{""party"":3,""name_np"":""पुष्पकमल दाहाल"",""name_en"":""Pushpakamal Dahal"",""vote"":18792},{""party"":0,""name_np"":""बाबुरल भट्टराई"",""name_en"":""Baburam Bhattara"",""vote"":3358},{""party"":1,""name_np"":""राजेन्द्र लिङ्देन"",""name_en"":""Ranjendra Lingden"",""vote"":2648},{""party"":4,""name_np"":""विश्वप्रकाश सुवेदी"",""name_en"":""Bishwa Prakash Subedi"",""vote"":3920}]"|"{}"|"2022-09-10 15:21:37"|"2022-09-10 15:21:37"
"3"|"kathmandu"|federal|"2"|"0"|"[{""party"":3,""name_np"":""माधव कुमार नेपाल"",""name_en"":""Madhab Kumar Nepal"",""vote"":28280},{""party"":0,""name_np"":""विश्वप्रकाश सुवेदी"",""name_en"":""Bishwa Prakash Subedi"",""vote"":16131},{""party"":2,""name_np"":""सागर ढकाल"",""name_en"":""Sagar Dhakal"",""vote"":23225},{""party"":4,""name_np"":""योगेश भट्टराई"",""name_en"":""Yogesh Bhattarai"",""vote"":3025}]"|"{}"|"2022-09-10 15:21:37"|"2022-09-10 15:21:37"
"3"|"kathmandu"|federal|"3"|"1"|"[{""party"":4,""name_np"":""गगन थापा"",""name_en"":""Gagan Thapa"",""vote"":27335},{""party"":1,""name_np"":""रवि लामिछाने"",""name_en"":""Rabi Lamichhane"",""vote"":21952},{""party"":3,""name_np"":""सागर ढकाल"",""name_en"":""Sagar Dhakal"",""vote"":15295},{""party"":2,""name_np"":""योगेश भट्टराई"",""name_en"":""Yogesh Bhattarai"",""vote"":7216}]"|"{""party"":4,""name_np"":""गगन थापा"",""name_en"":""Gagan Thapa"",""vote"":27335}"|"2022-09-10 15:21:37"|"2022-09-10 15:21:37"
"3"|"kathmandu"|federal|"4"|"0"|"[{""party"":4,""name_np"":""योगेश भट्टराई"",""name_en"":""Yogesh Bhattarai"",""vote"":13721},{""party"":0,""name_np"":""गगन थापा"",""name_en"":""Gagan Thapa"",""vote"":20844},{""party"":2,""name_np"":""शेरबहादुर देउवा"",""name_en"":""Sher Bahadur Deuba"",""vote"":23437},{""party"":1,""name_np"":""राजेन्द्र लिङ्देन"",""name_en"":""Ranjendra Lingden"",""vote"":11055}]"|"{}"|"2022-09-10 15:21:37"|"2022-09-10 15:21:37"
"3"|"kathmandu"|federal|"5"|"0"|"[{""party"":2,""name_np"":""गगन थापा"",""name_en"":""Gagan Thapa"",""vote"":28488},{""party"":1,""name_np"":""जलनाथ खनाल"",""name_en"":""Jhalanath Khanal"",""vote"":28084},{""party"":0,""name_np"":""योगेश भट्टराई"",""name_en"":""Yogesh Bhattarai"",""vote"":19303},{""party"":4,""name_np"":""राजेन्द्र लिङ्देन"",""name_en"":""Ranjendra Lingden"",""vote"":24827}]"|"{}"|"2022-09-10 15:21:37"|"2022-09-10 15:21:37"
"3"|"kathmandu"|federal|"6"|"0"|"[{""party"":1,""name_np"":""राजेन्द्र लिङ्देन"",""name_en"":""Ranjendra Lingden"",""vote"":10913},{""party"":0,""name_np"":""विश्वप्रकाश सुवेदी"",""name_en"":""Bishwa Prakash Subedi"",""vote"":21986},{""party"":4,""name_np"":""रवि लामिछाने"",""name_en"":""Rabi Lamichhane"",""vote"":8021},{""party"":2,""name_np"":""हिमिला यामी"",""name_en"":""Hisila Yami"",""vote"":20494}]"|"{}"|"2022-09-10 15:21:37"|"2022-09-10 15:21:37"
"3"|"kathmandu"|federal|"7"|"0"|"[{""party"":2,""name_np"":""गगन थापा"",""name_en"":""Gagan Thapa"",""vote"":17139},{""party"":4,""name_np"":""पुष्पकमल दाहाल"",""name_en"":""Pushpakamal Dahal"",""vote"":7764},{""party"":3,""name_np"":""माधव कुमार नेपाल"",""name_en"":""Madhab Kumar Nepal"",""vote"":26723},{""party"":1,""name_np"":""रवि लामिछाने"",""name_en"":""Rabi Lamichhane"",""vote"":2942}]"|"{}"|"2022-09-10 15:21:37"|"2022-09-10 15:21:37"
"3"|"kathmandu"|federal|"8"|"0"|"[{""party"":0,""name_np"":""जलनाथ खनाल"",""name_en"":""Jhalanath Khanal"",""vote"":4614},{""party"":4,""name_np"":""केपी ओली"",""name_en"":""KP Oli"",""vote"":22163},{""party"":2,""name_np"":""गगन थापा"",""name_en"":""Gagan Thapa"",""vote"":22412},{""party"":1,""name_np"":""रवि लामिछाने"",""name_en"":""Rabi Lamichhane"",""vote"":20410}]"|"{}"|"2022-09-10 15:21:37"|"2022-09-10 15:21:37"
"3"|"kathmandu"|federal|"9"|"0"|"[{""party"":4,""name_np"":""राजेन्द्र लिङ्देन"",""name_en"":""Ranjendra Lingden"",""vote"":4396},{""party"":1,""name_np"":""सागर ढकाल"",""name_en"":""Sagar Dhakal"",""vote"":22253},{""party"":2,""name_np"":""माधव कुमार नेपाल"",""name_en"":""Madhab Kumar Nepal"",""vote"":27215},{""party"":3,""name_np"":""जलनाथ खनाल"",""name_en"":""Jhalanath Khanal"",""vote"":4638}]"|"{}"|"2022-09-10 15:21:37"|"2022-09-10 15:21:37"
"3"|"kathmandu"|federal|"10"|"0"|"[{""party"":3,""name_np"":""शेरबहादुर देउवा"",""name_en"":""Sher Bahadur Deuba"",""vote"":21966},{""party"":4,""name_np"":""केपी ओली"",""name_en"":""KP Oli"",""vote"":6041},{""party"":2,""name_np"":""पुष्पकमल दाहाल"",""name_en"":""Pushpakamal Dahal"",""vote"":7912},{""party"":0,""name_np"":""माधव कुमार नेपाल"",""name_en"":""Madhab Kumar Nepal"",""vote"":18334}]"|"{}"|"2022-09-10 15:21:37"|"2022-09-10 15:21:37"
"3"|"nuwakot"|federal|"1"|"0"|"[{""party"":0,""name_np"":""हिमिला यामी"",""name_en"":""Hisila Yami"",""vote"":12241},{""party"":1,""name_np"":""गगन थापा"",""name_en"":""Gagan Thapa"",""vote"":16570},{""party"":4,""name_np"":""रवि लामिछाने"",""name_en"":""Rabi Lamichhane"",""vote"":3160},{""party"":3,""name_np"":""विश्वप्रकाश सुवेदी"",""name_en"":""Bishwa Prakash Subedi"",""vote"":4862}]"|"{}"|"2022-09-10 15:21:37"|"2022-09-10 15:21:37"
"3"|"nuwakot"|federal|"2"|"0"|"[{""party"":2,""name_np"":""शेरबहादुर देउवा"",""name_en"":""Sher Bahadur Deuba"",""vote"":10074},{""party"":1,""name_np"":""रवि लामिछाने"",""name_en"":""Rabi Lamichhane"",""vote"":22254},{""party"":3,""name_np"":""विश्वप्रकाश सुवेदी"",""name_en"":""Bishwa Prakash Subedi"",""vote"":26570},{""party"":4,""name_np"":""जलनाथ खनाल"",""name_en"":""Jhalanath Khanal"",""vote"":5439}]"|"{}"|"2022-09-10 15:21:37"|"2022-09-10 15:21:37"
"3"|"rasuwa"|federal|"1"|"0"|"[{""party"":3,""name_np"":""शेरबहादुर देउवा"",""name_en"":""Sher Bahadur Deuba"",""vote"":1909},{""party"":2,""name_np"":""केपी ओली"",""name_en"":""KP Oli"",""vote"":8032},{""party"":4,""name_np"":""योगेश भट्टराई"",""name_en"":""Yogesh Bhattarai"",""vote"":28241},{""party"":1,""name_np"":""पुष्पकमल दाहाल"",""name_en"":""Pushpakamal Dahal"",""vote"":14912}]"|"{}"|"2022-09-10 15:21:37"|"2022-09-10 15:21:37"
"3"|"dhading"|federal|"1"|"0"|"[{""party"":0,""name_np"":""बाबुरल भट्टराई"",""name_en"":""Baburam Bhattara"",""vote"":12688},{""party"":1,""name_np"":""सागर ढकाल"",""name_en"":""Sagar Dhakal"",""vote"":17440},{""party"":4,""name_np"":""रवि लामिछाने"",""name_en"":""Rabi Lamichhane"",""vote"":3344},{""party"":2,""name_np"":""माधव कुमार नेपाल"",""name_en"":""Madhab Kumar Nepal"",""vote"":12012}]"|"{}"|"2022-09-10 15:21:37"|"2022-09-10 15:21:37"
"3"|"dhading"|federal|"2"|"0"|"[{""party"":4,""name_np"":""राजेन्द्र लिङ्देन"",""name_en"":""Ranjendra Lingden"",""vote"":21407},{""party"":2,""name_np"":""सागर ढकाल"",""name_en"":""Sagar Dhakal"",""vote"":12822},{""party"":1,""name_np"":""गगन थापा"",""name_en"":""Gagan Thapa"",""vote"":6681},{""party"":3,""name_np"":""हिमिला यामी"",""name_en"":""Hisila Yami"",""vote"":578}]"|"{}"|"2022-09-10 15:21:37"|"2022-09-10 15:21:37"
"3"|"makwanpur"|federal|"1"|"0"|"[{""party"":4,""name_np"":""योगेश भट्टराई"",""name_en"":""Yogesh Bhattarai"",""vote"":27315},{""party"":1,""name_np"":""रवि लामिछाने"",""name_en"":""Rabi Lamichhane"",""vote"":16059},{""party"":2,""name_np"":""विश्वप्रकाश सुवेदी"",""name_en"":""Bishwa Prakash Subedi"",""vote"":26135},{""party"":3,""name_np"":""हिमिला यामी"",""name_en"":""Hisila Yami"",""vote"":17849}]"|"{}"|"2022-09-10 15:21:37"|"2022-09-10 15:21:37"
"3"|"makwanpur"|federal|"2"|"0"|"[{""party"":0,""name_np"":""माधव कुमार नेपाल"",""name_en"":""Madhab Kumar Nepal"",""vote"":820},{""party"":1,""name_np"":""जलनाथ खनाल"",""name_en"":""Jhalanath Khanal"",""vote"":22702},{""party"":4,""name_np"":""शेरबहादुर देउवा"",""name_en"":""Sher Bahadur Deuba"",""vote"":18685},{""party"":2,""name_np"":""पुष्पकमल दाहाल"",""name_en"":""Pushpakamal Dahal"",""vote"":687}]"|"{}"|"2022-09-10 15:21:37"|"2022-09-10 15:21:37"
"3"|"chitwan"|federal|"1"|"0"|"[{""party"":1,""name_np"":""गगन थापा"",""name_en"":""Gagan Thapa"",""vote"":872},{""party"":2,""name_np"":""केपी ओली"",""name_en"":""KP Oli"",""vote"":6209},{""party"":3,""name_np"":""विश्वप्रकाश सुवेदी"",""name_en"":""Bishwa Prakash Subedi"",""vote"":5106},{""party"":4,""name_np"":""बाबुरल भट्टराई"",""name_en"":""Baburam Bhattara"",""vote"":6084}]"|"{}"|"2022-09-10 15:21:37"|"2022-09-10 15:21:37"
"3"|"chitwan"|federal|"2"|"0"|"[{""party"":4,""name_np"":""माधव कुमार नेपाल"",""name_en"":""Madhab Kumar Nepal"",""vote"":18650},{""party"":0,""name_np"":""गगन थापा"",""name_en"":""Gagan Thapa"",""vote"":12366},{""party"":1,""name_np"":""बाबुरल भट्टराई"",""name_en"":""Baburam Bhattara"",""vote"":23251},{""party"":2,""name_np"":""योगेश भट्टराई"",""name_en"":""Yogesh Bhattarai"",""vote"":4888}]"|"{}"|"2022-09-10 15:21:37"|"2022-09-10 15:21:37"
"3"|"chitwan"|federal|"3"|"1"|"[{""party"":0,""name_np"":""सागर ढकाल"",""name_en"":""Sagar Dhakal"",""vote"":29136},{""party"":4,""name_np"":""पुष्पकमल दाहाल"",""name_en"":""Pushpakamal Dahal"",""vote"":25591},{""party"":1,""name_np"":""राजेन्द्र लिङ्देन"",""name_en"":""Ranjendra Lingden"",""vote"":21187},{""party"":2,""name_np"":""केपी ओली"",""name_en"":""KP Oli"",""vote"":14318}]"|"{""party"":0,""name_np"":""सागर ढकाल"",""name_en"":""Sagar Dhakal"",""vote"":29136}"|"2022-09-10 15:21:37"|"2022-09-10 15:21:37"
"4"|"gorkha"|federal|"1"|"0"|"[{""party"":1,""name_np"":""राजेन्द्र लिङ्देन"",""name_en"":""Ranjendra Lingden"",""vote"":10772},{""party"":2,""name_np"":""जलनाथ खनाल"",""name_en"":""Jhalanath Khanal"",""vote"":19335},{""party"":3,""name_np"":""सागर ढकाल"",""name_en"":""Sagar Dhakal"",""vote"":22807},{""party"":4,""name_np"":""माधव कुमार नेपाल"",""name_en"":""Madhab Kumar Nepal"",""vote"":10909}]"|"{}"|"2022-09-10 15:21:37"|"2022-09-10 15:21:37"
"4"|"gorkha"|federal|"2"|"0"|"[{""party"":0,""name_np"":""विश्वप्रकाश सुवेदी"",""name_en"":""Bishwa Prakash Subedi"",""vote"":4376},{""party"":2,""name_np"":""राजेन्द्र लिङ्देन"",""name_en"":""Ranjendra Lingden"",""vote"":8582},{""party"":3,""name_np"":""पुष्पकमल दाहाल"",""name_en"":""Pushpakamal Dahal"",""vote"":19893},{""party"":4,""name_np"":""केपी ओली"",""name_en"":""KP Oli"",""vote"":6327}]"|"{}"|"2022-09-10 15:21:37"|"2022-09-10 15:21:37"
"4"|"lamjung"|federal|"1"|"0"|"[{""party"":3,""name_np"":""हिमिला यामी"",""name_en"":""Hisila Yami"",""vote"":25928},{""party"":1,""name_np"":""योगेश भट्टराई"",""name_en"":""Yogesh Bhattarai"",""vote"":21092},{""party"":0,""name_np"":""शेरबहादुर देउवा"",""name_en"":""Sher Bahadur Deuba"",""vote"":394},{""party"":4,""name_np"":""बाबुरल भट्टराई"",""name_en"":""Baburam Bhattara"",""vote"":29126}]"|"{}"|"2022-09-10 15:21:37"|"2022-09-10 15:21:37"
"4"|"tanahun"|federal|"1"|"0"|"[{""party"":2,""name_np"":""सागर ढकाल"",""name_en"":""Sagar Dhakal"",""vote"":2835},{""party"":3,""name_np"":""पुष्पकमल दाहाल"",""name_en"":""Pushpakamal Dahal"",""vote"":6515},{""party"":4,""name_np"":""विश्वप्रकाश सुवेदी"",""name_en"":""Bishwa Prakash Subedi"",""vote"":13544},{""party"":1,""name_np"":""जलनाथ खनाल"",""name_en"":""Jhalanath Khanal"",""vote"":27406}]"|"{}"|"2022-09-10 15:21:37"|"2022-09-10 15:21:37"
"4"|"tanahun"|federal|"2"|"0"|"[{""party"":2,""name_np"":""योगेश भट्टराई"",""name_en"":""Yogesh Bhattarai"",""vote"":21245},{""party"":0,""name_np"":""बाबुरल भट्टराई"",""name_en"":""Baburam Bhattara"",""vote"":4664},{""party"":4,""name_np"":""रवि लामिछाने"",""name_en"":""Rabi Lamichhane"",""vote"":4231},{""party"":1,""name_np"":""केपी ओली"",""name_en"":""KP Oli"",""vote"":19823}]"|"{}"|"2022-09-10 15:21:37"|"2022-09-10 15:21:37"
"4"|"syangja"|federal|"1"|"0"|"[{""party"":4,""name_np"":""जलनाथ खनाल"",""name_en"":""Jhalanath Khanal"",""vote"":15019},{""party"":1,""name_np"":""विश्वप्रकाश सुवेदी"",""name_en"":""Bishwa Prakash Subedi"",""vote"":11508},{""party"":3,""name_np"":""योगेश भट्टराई"",""name_en"":""Yogesh Bhattarai"",""vote"":17897},{""party"":2,""name_np"":""गगन थापा"",""name_en"":""Gagan Thapa"",""vote"":13933}]"|"{}"|"2022-09-10 15:21:37"|"2022-09-10 15:21:37"
"4"|"syangja"|federal|"2"|"0"|"[{""party"":4,""name_np"":""माधव कुमार नेपाल"",""name_en"":""Madhab Kumar Nepal"",""vote"":1815},{""party"":2,""name_np"":""गगन थापा"",""name_en"":""Gagan Thapa"",""vote"":5218},{""party"":0,""name_np"":""विश्वप्रकाश सुवेदी"",""name_en"":""Bishwa Prakash Subedi"",""vote"":8973},{""party"":1,""name_np"":""जलनाथ खनाल"",""name_en"":""Jhalanath Khanal"",""vote"":18332}]"|"{}"|"2022-09-10 15:21:37"|"2022-09-10 15:21:37"
"4"|"kaski"|federal|"1"|"0"|"[{""party"":0,""name_np"":""रवि लामिछाने"",""name_en"":""Rabi Lamichhane"",""vote"":23843},{""party"":2,""name_np"":""विश्वप्रकाश सुवेदी"",""name_en"":""Bishwa Prakash Subedi"",""vote"":28966},{""party"":3,""name_np"":""गगन थापा"",""name_en"":""Gagan Thapa"",""vote"":18237},{""party"":1,""name_np"":""माधव कुमार नेपाल"",""name_en"":""Madhab Kumar Nepal"",""vote"":5439}]"|"{}"|"2022-09-10 15:21:37"|"2022-09-10 15:21:37"
"4"|"kaski"|federal|"2"|"0"|"[{""party"":2,""name_np"":""बाबुरल भट्टराई"",""name_en"":""Baburam Bhattara"",""vote"":29454},{""party"":0,""name_np"":""राजेन्द्र लिङ्देन"",""name_en"":""Ranjendra Lingden"",""vote"":27315},{""party"":1,""name_np"":""विश्वप्रकाश सुवेदी"",""name_en"":""Bishwa Prakash Subedi"",""vote"":17886},{""party"":4,""name_np"":""शेरबहादुर देउवा"",""name_en"":""Sher Bahadur Deuba"",""vote"":17292}]"|"{}"|"2022-09-10 15:21:37"|"2022-09-10 15:21:37"
"4"|"kaski"|federal|"3"|"1"|"[{""party"":4,""name_np"":""विश्वप्रकाश सुवेदी"",""name_en"":""Bishwa Prakash Subedi"",""vote"":27030},{""party"":1,""name_np"":""गगन थापा"",""name_en"":""Gagan Thapa"",""vote"":16487},{""party"":2,""name_np"":""जलनाथ खनाल"",""name_en"":""Jhalanath Khanal"",""vote"":3433},{""party"":0,""name_np"":""राजेन्द्र लिङ्देन"",""name_en"":""Ranjendra Lingden"",""vote"":2178}]"|"{""party"":4,""name_np"":""विश्वप्रकाश सुवेदी"",""name_en"":""Bishwa Prakash Subedi"",""vote"":27030}"|"2022-09-10 15:21:37"|"2022-09-10 15:21:37"
"4"|"manang"|federal|"1"|"0"|"[{""party"":4,""name_np"":""योगेश भट्टराई"",""name_en"":""Yogesh Bhattarai"",""vote"":5712},{""party"":3,""name_np"":""पुष्पकमल दाहाल"",""name_en"":""Pushpakamal Dahal"",""vote"":9251},{""party"":0,""name_np"":""राजेन्द्र लिङ्देन"",""name_en"":""Ranjendra Lingden"",""vote"":26634},{""party"":1,""name_np"":""जलनाथ खनाल"",""name_en"":""Jhalanath Khanal"",""vote"":28296}]"|"{}"|"2022-09-10 15:21:37"|"2022-09-10 15:21:37"
"4"|"mustang"|federal|"1"|"0"|"[{""party"":0,""name_np"":""योगेश भट्टराई"",""name_en"":""Yogesh Bhattarai"",""vote"":8137},{""party"":3,""name_np"":""विश्वप्रकाश सुवेदी"",""name_en"":""Bishwa Prakash Subedi"",""vote"":19582},{""party"":1,""name_np"":""पुष्पकमल दाहाल"",""name_en"":""Pushpakamal Dahal"",""vote"":21836},{""party"":2,""name_np"":""राजेन्द्र लिङ्देन"",""name_en"":""Ranjendra Lingden"",""vote"":21557}]"|"{}"|"2022-09-10 15:21:37"|"2022-09-10 15:21:37"
"4"|"parbat"|federal|"1"|"0"|"[{""party"":2,""name_np"":""गगन थापा"",""name_en"":""Gagan Thapa"",""vote"":651},{""party"":4,""name_np"":""राजेन्द्र लिङ्देन"",""name_en"":""Ranjendra Lingden"",""vote"":3472},{""party"":0,""name_np"":""विश्वप्रकाश सुवेदी"",""name_en"":""Bishwa Prakash Subedi"",""vote"":12810},{""party"":1,""name_np"":""रवि लामिछाने"",""name_en"":""Rabi Lamichhane"",""vote"":21304}]"|"{}"|"2022-09-10 15:21:37"|"2022-09-10 15:21:37"
"4"|"myagdi"|federal|"1"|"0"|"[{""party"":2,""name_np"":""जलनाथ खनाल"",""name_en"":""Jhalanath Khanal"",""vote"":10912},{""party"":0,""name_np"":""पुष्पकमल दाहाल"",""name_en"":""Pushpakamal Dahal"",""vote"":19273},{""party"":1,""name_np"":""शेरबहादुर देउवा"",""name_en"":""Sher Bahadur Deuba"",""vote"":10530},{""party"":4,""name_np"":""रवि लामिछाने"",""name_en"":""Rabi Lamichhane"",""vote"":18581}]"|"{}"|"2022-09-10 15:21:37"|"2022-09-10 15:21:37"
"4"|"baglung"|federal|"1"|"0"|"[{""party"":2,""name_np"":""सागर ढकाल"",""name_en"":""Sagar Dhakal"",""vote"":1859},{""party"":0,""name_np"":""विश्वप्रकाश सुवेदी"",""name_en"":""Bishwa Prakash Subedi"",""vote"":24888},{""party"":1,""name_np"":""बाबुरल भट्टराई"",""name_en"":""Baburam Bhattara"",""vote"":2007},{""party"":4,""name_np"":""हिमिला यामी"",""name_en"":""Hisila Yami"",""vote"":17229}]"|"{}"|"2022-09-10 15:21:37"|"2022-09-10 15:21:37"
"4"|"baglung"|federal|"2"|"0"|"[{""party"":3,""name_np"":""केपी ओली"",""name_en"":""KP Oli"",""vote"":29422},{""party"":4,""name_np"":""बाबुरल भट्टराई"",""name_en"":""Baburam Bhattara"",""vote"":23150},{""party"":2,""name_np"":""राजेन्द्र लिङ्देन"",""name_en"":""Ranjendra Lingden"",""vote"":3673},{""party"":1,""name_np"":""जलनाथ खनाल"",""name_en"":""Jhalanath Khanal"",""vote"":7346}]"|"{}"|"2022-09-10 15:21:37"|"2022-09-10 15:21:37"
"4"|"nawalparasieast"|federal|"1"|"0"|"[{""party"":4,""name_np"":""केपी ओली"",""name_en"":""KP Oli"",""vote"":4075},{""party"":0,""name_np"":""योगेश भट्टराई"",""name_en"":""Yogesh Bhattarai"",""vote"":22299},{""party"":3,""name_np"":""बाबुरल भट्टराई"",""name_en"":""Baburam Bhattara"",""vote"":19444},{""party"":1,""name_np"":""रवि लामिछाने"",""name_en"":""Rabi Lamichhane"",""vote"":23087}]"|"{}"|"2022-09-10 15:21:37"|"2022-09-10 15:21:37"
"4"|"nawalparasieast"|federal|"2"|"0"|"[{""party"":4,""name_np"":""केपी ओली"",""name_en"":""KP Oli"",""vote"":18934},{""party"":0,""name_np"":""हिमिला यामी"",""name_en"":""Hisila Yami"",""vote"":29874},{""party"":1,""name_np"":""बाबुरल भट्टराई"",""name_en"":""Baburam Bhattara"",""vote"":4799},{""party"":3,""name_np"":""पुष्पकमल दाहाल"",""name_en"":""Pushpakamal Dahal"",""vote"":21254}]"|"{}"|"2022-09-10 15:21:37"|"2022-09-10 15:21:37"
"5"|"gulmi"|federal|"1"|"0"|"[{""party"":4,""name_np"":""केपी ओली"",""name_en"":""KP Oli"",""vote"":18476},{""party"":0,""name_np"":""जलनाथ खनाल"",""name_en"":""Jhalanath Khanal"",""vote"":2968},{""party"":1,""name_np"":""विश्वप्रकाश सुवेदी"",""name_en"":""Bishwa Prakash Subedi"",""vote"":27664},{""party"":2,""name_np"":""बाबुरल भट्टराई"",""name_en"":""Baburam Bhattara"",""vote"":14409}]"|"{}"|"2022-09-10 15:21:37"|"2022-09-10 15:21:37"
"5"|"gulmi"|federal|"2"|"0"|"[{""party"":1,""name_np"":""विश्वप्रकाश सुवेदी"",""name_en"":""Bishwa Prakash Subedi"",""vote"":10193},{""party"":2,""name_np"":""हिमिला यामी"",""name_en"":""Hisila Yami"",""vote"":13679},{""party"":0,""name_np"":""शेरबहादुर देउवा"",""name_en"":""Sher Bahadur Deuba"",""vote"":994},{""party"":3,""name_np"":""योगेश भट्टराई"",""name_en"":""Yogesh Bhattarai"",""vote"":17798}]"|"{}"|"2022-09-10 15:21:37"|"2022-09-10 15:21:37"
"5"|"palpa"|federal|"1"|"0"|"[{""party"":3,""name_np"":""गगन थापा"",""name_en"":""Gagan Thapa"",""vote"":26255},{""party"":4,""name_np"":""राजेन्द्र लिङ्देन"",""name_en"":""Ranjendra Lingden"",""vote"":4482},{""party"":2,""name_np"":""बाबुरल भट्टराई"",""name_en"":""Baburam Bhattara"",""vote"":15874},{""party"":0,""name_np"":""पुष्पकमल दाहाल"",""name_en"":""Pushpakamal Dahal"",""vote"":19996}]"|"{}"|"2022-09-10 15:21:37"|"2022-09-10 15:21:37"
"5"|"palpa"|federal|"2"|"0"|"[{""party"":2,""name_np"":""पुष्पकमल दाहाल"",""name_en"":""Pushpakamal Dahal"",""vote"":27131},{""party"":0,""name_np"":""विश्वप्रकाश सुवेदी"",""name_en"":""Bishwa Prakash Subedi"",""vote"":5415},{""party"":1,""name_np"":""रवि लामिछाने"",""name_en"":""Rabi Lamichhane"",""vote"":13395},{""party"":4,""name_np"":""सागर ढकाल"",""name_en"":""Sagar Dhakal"",""vote"":27227}]"|"{}"|"2022-09-10 15:21:37"|"2022-09-10 15:21:37"
"5"|"rupandehi"|federal|"1"|"0"|"[{""party"":3,""name_np"":""योगेश भट्टराई"",""name_en"":""Yogesh Bhattarai"",""vote"":24289},{""party"":2,""name_np"":""माधव कुमार नेपाल"",""name_en"":""Madhab Kumar Nepal"",""vote"":20096},{""party"":1,""name_np"":""सागर ढकाल"",""name_en"":""Sagar Dhakal"",""vote"":24518},{""party"":0,""name_np"":""जलनाथ खनाल"",""name_en"":""Jhalanath Khanal"",""vote"":13392}]"|"{}"|"2022-09-10 15:21:37"|"2022-09-10 15:21:37"
"5"|"rupandehi"|federal|"2"|"0"|"[{""party"":1,""name_np"":""केपी ओली"",""name_en"":""KP Oli"",""vote"":24953},{""party"":4,""name_np"":""सागर ढकाल"",""name_en"":""Sagar Dhakal"",""vote"":28612},{""party"":0,""name_np"":""विश्वप्रकाश सुवेदी"",""name_en"":""Bishwa Prakash Subedi"",""vote"":16773},{""party"":3,""name_np"":""हिमिला यामी"",""name_en"":""Hisila Yami"",""vote"":23972}]"|"{}"|"2022-09-10 15:21:37"|"2022-09-10 15:21:37"
"5"|"rupandehi"|federal|"3"|"1"|"[{""party"":2,""name_np"":""केपी ओली"",""name_en"":""KP Oli"",""vote"":6516},{""party"":4,""name_np"":""योगेश भट्टराई"",""name_en"":""Yogesh Bhattarai"",""vote"":4710},{""party"":1,""name_np"":""पुष्पकमल दाहाल"",""name_en"":""Pushpakamal Dahal"",""vote"":2598},{""party"":0,""name_np"":""बाबुरल भट्टराई"",""name_en"":""Baburam Bhattara"",""vote"":1383}]"|"{""party"":2,""name_np"":""केपी ओली"",""name_en"":""KP Oli"",""vote"":6516}"|"2022-09-10 15:21:37"|"2022-09-10 15:21:37"
"5"|"rupandehi"|federal|"4"|"0"|"[{""party"":4,""name_np"":""विश्वप्रकाश सुवेदी"",""name_en"":""Bishwa Prakash Subedi"",""vote"":14009},{""party"":1,""name_np"":""केपी ओली"",""name_en"":""KP Oli"",""vote"":10477},{""party"":0,""name_np"":""गगन थापा"",""name_en"":""Gagan Thapa"",""vote"":11024},{""party"":2,""name_np"":""योगेश भट्टराई"",""name_en"":""Yogesh Bhattarai"",""vote"":4809}]"|"{}"|"2022-09-10 15:21:37"|"2022-09-10 15:21:37"
"5"|"rupandehi"|federal|"5"|"0"|"[{""party"":2,""name_np"":""शेरबहादुर देउवा"",""name_en"":""Sher Bahadur Deuba"",""vote"":21229},{""party"":0,""name_np"":""केपी ओली"",""name_en"":""KP Oli"",""vote"":23889},{""party"":3,""name_np"":""योगेश भट्टराई"",""name_en"":""Yogesh Bhattarai"",""vote"":9672},{""party"":4,""name_np"":""जलनाथ खनाल"",""name_en"":""Jhalanath Khanal"",""vote"":27592}]"|"{}"|"2022-09-10 15:21:37"|"2022-09-10 15:21:37"
"5"|"arghakhanchi"|federal|"1"|"0"|"[{""party"":0,""name_np"":""सागर ढकाल"",""name_en"":""Sagar Dhakal"",""vote"":12657},{""party"":1,""name_np"":""हिमिला यामी"",""name_en"":""Hisila Yami"",""vote"":6946},{""party"":4,""name_np"":""गगन थापा"",""name_en"":""Gagan Thapa"",""vote"":15124},{""party"":2,""name_np"":""केपी ओली"",""name_en"":""KP Oli"",""vote"":23146}]"|"{}"|"2022-09-10 15:21:37"|"2022-09-10 15:21:37"
"5"|"kapilvastu"|federal|"1"|"0"|"[{""party"":3,""name_np"":""गगन थापा"",""name_en"":""Gagan Thapa"",""vote"":15725},{""party"":4,""name_np"":""जलनाथ खनाल"",""name_en"":""Jhalanath Khanal"",""vote"":19025},{""party"":1,""name_np"":""सागर ढकाल"",""name_en"":""Sagar Dhakal"",""vote"":23008},{""party"":0,""name_np"":""विश्वप्रकाश सुवेदी"",""name_en"":""Bishwa Prakash Subedi"",""vote"":8732}]"|"{}"|"2022-09-10 15:21:37"|"2022-09-10 15:21:37"
"5"|"kapilvastu"|federal|"2"|"0"|"[{""party"":0,""name_np"":""जलनाथ खनाल"",""name_en"":""Jhalanath Khanal"",""vote"":10361},{""party"":4,""name_np"":""हिमिला यामी"",""name_en"":""Hisila Yami"",""vote"":12791},{""party"":1,""name_np"":""राजेन्द्र लिङ्देन"",""name_en"":""Ranjendra Lingden"",""vote"":2747},{""party"":3,""name_np"":""माधव कुमार नेपाल"",""name_en"":""Madhab Kumar Nepal"",""vote"":24717}]"|"{}"|"2022-09-10 15:21:37"|"2022-09-10 15:21:37"
"5"|"kapilvastu"|federal|"3"|"1"|"[{""party"":4,""name_np"":""माधव कुमार नेपाल"",""name_en"":""Madhab Kumar Nepal"",""vote"":29207},{""party"":2,""name_np"":""पुष्पकमल दाहाल"",""name_en"":""Pushpakamal Dahal"",""vote"":20050},{""party"":3,""name_np"":""केपी ओली"",""name_en"":""KP Oli"",""vote"":15544},{""party"":1,""name_np"":""विश्वप्रकाश सुवेदी"",""name_en"":""Bishwa Prakash Subedi"",""vote"":2783}]"|"{""party"":4,""name_np"":""माधव कुमार नेपाल"",""name_en"":""Madhab Kumar Nepal"",""vote"":29207}"|"2022-09-10 15:21:37"|"2022-09-10 15:21:37"
"5"|"pyuthan"|federal|"1"|"0"|"[{""party"":1,""name_np"":""जलनाथ खनाल"",""name_en"":""Jhalanath Khanal"",""vote"":11869},{""party"":2,""name_np"":""बाबुरल भट्टराई"",""name_en"":""Baburam Bhattara"",""vote"":6161},{""party"":4,""name_np"":""शेरबहादुर देउवा"",""name_en"":""Sher Bahadur Deuba"",""vote"":9506},{""party"":0,""name_np"":""राजेन्द्र लिङ्देन"",""name_en"":""Ranjendra Lingden"",""vote"":4640}]"|"{}"|"2022-09-10 15:21:37"|"2022-09-10 15:21:37"
"5"|"rolpa"|federal|"1"|"0"|"[{""party"":2,""name_np"":""रवि लामिछाने"",""name_en"":""Rabi Lamichhane"",""vote"":10973},{""party"":0,""name_np"":""राजेन्द्र लिङ्देन"",""name_en"":""Ranjendra Lingden"",""vote"":18117},{""party"":1,""name_np"":""बाबुरल भट्टराई"",""name_en"":""Baburam Bhattara"",""vote"":10053},{""party"":4,""name_np"":""पुष्पकमल दाहाल"",""name_en"":""Pushpakamal Dahal"",""vote"":5138}]"|"{}"|"2022-09-10 15:21:37"|"2022-09-10 15:21:37"
"5"|"dang"|federal|"1"|"0"|"[{""party"":2,""name_np"":""सागर ढकाल"",""name_en"":""Sagar Dhakal"",""vote"":15273},{""party"":0,""name_np"":""हिमिला यामी"",""name_en"":""Hisila Yami"",""vote"":26542},{""party"":4,""name_np"":""माधव कुमार नेपाल"",""name_en"":""Madhab Kumar Nepal"",""vote"":22666},{""party"":3,""name_np"":""शेरबहादुर देउवा"",""name_en"":""Sher Bahadur Deuba"",""vote"":24350}]"|"{}"|"2022-09-10 15:21:37"|"2022-09-10 15:21:37"
"5"|"dang"|federal|"2"|"0"|"[{""party"":3,""name_np"":""योगेश भट्टराई"",""name_en"":""Yogesh Bhattarai"",""vote"":7901},{""party"":1,""name_np"":""पुष्पकमल दाहाल"",""name_en"":""Pushpakamal Dahal"",""vote"":25222},{""party"":2,""name_np"":""विश्वप्रकाश सुवेदी"",""name_en"":""Bishwa Prakash Subedi"",""vote"":7057},{""party"":0,""name_np"":""माधव कुमार नेपाल"",""name_en"":""Madhab Kumar Nepal"",""vote"":15721}]"|"{}"|"2022-09-10 15:21:37"|"2022-09-10 15:21:37"
"5"|"dang"|federal|"3"|"1"|"[{""party"":1,""name_np"":""हिमिला यामी"",""name_en"":""Hisila Yami"",""vote"":23785},{""party"":0,""name_np"":""राजेन्द्र लिङ्देन"",""name_en"":""Ranjendra Lingden"",""vote"":14972},{""party"":3,""name_np"":""केपी ओली"",""name_en"":""KP Oli"",""vote"":12969},{""party"":2,""name_np"":""जलनाथ खनाल"",""name_en"":""Jhalanath Khanal"",""vote"":891}]"|"{""party"":1,""name_np"":""हिमिला यामी"",""name_en"":""Hisila Yami"",""vote"":23785}"|"2022-09-10 15:21:37"|"2022-09-10 15:21:37"
"5"|"bardiya"|federal|"1"|"0"|"[{""party"":0,""name_np"":""बाबुरल भट्टराई"",""name_en"":""Baburam Bhattara"",""vote"":12381},{""party"":2,""name_np"":""शेरबहादुर देउवा"",""name_en"":""Sher Bahadur Deuba"",""vote"":24889},{""party"":3,""name_np"":""विश्वप्रकाश सुवेदी"",""name_en"":""Bishwa Prakash Subedi"",""vote"":14494},{""party"":4,""name_np"":""राजेन्द्र लिङ्देन"",""name_en"":""Ranjendra Lingden"",""vote"":7852}]"|"{}"|"2022-09-10 15:21:37"|"2022-09-10 15:21:37"
"5"|"bardiya"|federal|"2"|"0"|"[{""party"":4,""name_np"":""बाबुरल भट्टराई"",""name_en"":""Baburam Bhattara"",""vote"":13341},{""party"":2,""name_np"":""जलनाथ खनाल"",""name_en"":""Jhalanath Khanal"",""vote"":20670},{""party"":1,""name_np"":""गगन थापा"",""name_en"":""Gagan Thapa"",""vote"":26588},{""party"":0,""name_np"":""केपी ओली"",""name_en"":""KP Oli"",""vote"":28920}]"|"{}"|"2022-09-10 15:21:37"|"2022-09-10 15:21:37"
"5"|"banke"|federal|"1"|"0"|"[{""party"":3,""name_np"":""बाबुरल भट्टराई"",""name_en"":""Baburam Bhattara"",""vote"":1475},{""party"":4,""name_np"":""योगेश भट्टराई"",""name_en"":""Yogesh Bhattarai"",""vote"":28256},{""party"":2,""name_np"":""रवि लामिछाने"",""name_en"":""Rabi Lamichhane"",""vote"":11271},{""party"":1,""name_np"":""गगन थापा"",""name_en"":""Gagan Thapa"",""vote"":25429}]"|"{}"|"2022-09-10 15:21:37"|"2022-09-10 15:21:37"
"5"|"banke"|federal|"2"|"0"|"[{""party"":2,""name_np"":""पुष्पकमल दाहाल"",""name_en"":""Pushpakamal Dahal"",""vote"":1709},{""party"":3,""name_np"":""बाबुरल भट्टराई"",""name_en"":""Baburam Bhattara"",""vote"":22879},{""party"":4,""name_np"":""राजेन्द्र लिङ्देन"",""name_en"":""Ranjendra Lingden"",""vote"":14127},{""party"":0,""name_np"":""माधव कुमार नेपाल"",""name_en"":""Madhab Kumar Nepal"",""vote"":1705}]"|"{}"|"2022-09-10 15:21:37"|"2022-09-10 15:21:37"
"5"|"banke"|federal|"3"|"1"|"[{""party"":4,""name_np"":""शेरबहादुर देउवा"",""name_en"":""Sher Bahadur Deuba"",""vote"":23593},{""party"":0,""name_np"":""योगेश भट्टराई"",""name_en"":""Yogesh Bhattarai"",""vote"":11652},{""party"":1,""name_np"":""जलनाथ खनाल"",""name_en"":""Jhalanath Khanal"",""vote"":8806},{""party"":3,""name_np"":""रवि लामिछाने"",""name_en"":""Rabi Lamichhane"",""vote"":8757}]"|"{""party"":4,""name_np"":""शेरबहादुर देउवा"",""name_en"":""Sher Bahadur Deuba"",""vote"":23593}"|"2022-09-10 15:21:37"|"2022-09-10 15:21:37"
"5"|"nawalparasiwest"|federal|"1"|"0"|"[{""party"":4,""name_np"":""बाबुरल भट्टराई"",""name_en"":""Baburam Bhattara"",""vote"":22745},{""party"":2,""name_np"":""योगेश भट्टराई"",""name_en"":""Yogesh Bhattarai"",""vote"":12001},{""party"":3,""name_np"":""जलनाथ खनाल"",""name_en"":""Jhalanath Khanal"",""vote"":20647},{""party"":1,""name_np"":""शेरबहादुर देउवा"",""name_en"":""Sher Bahadur Deuba"",""vote"":1323}]"|"{}"|"2022-09-10 15:21:37"|"2022-09-10 15:21:37"
"5"|"nawalparasiwest"|federal|"2"|"0"|"[{""party"":2,""name_np"":""गगन थापा"",""name_en"":""Gagan Thapa"",""vote"":20368},{""party"":4,""name_np"":""माधव कुमार नेपाल"",""name_en"":""Madhab Kumar Nepal"",""vote"":29899},{""party"":1,""name_np"":""पुष्पकमल दाहाल"",""name_en"":""Pushpakamal Dahal"",""vote"":17487},{""party"":0,""name_np"":""बाबुरल भट्टराई"",""name_en"":""Baburam Bhattara"",""vote"":26557}]"|"{}"|"2022-09-10 15:21:37"|"2022-09-10 15:21:37"
"5"|"rukumeast"|federal|"1"|"0"|"[{""party"":4,""name_np"":""विश्वप्रकाश सुवेदी"",""name_en"":""Bishwa Prakash Subedi"",""vote"":6482},{""party"":2,""name_np"":""गगन थापा"",""name_en"":""Gagan Thapa"",""vote"":29715},{""party"":3,""name_np"":""राजेन्द्र लिङ्देन"",""name_en"":""Ranjendra Lingden"",""vote"":8171},{""party"":0,""name_np"":""योगेश भट्टराई"",""name_en"":""Yogesh Bhattarai"",""vote"":14223}]"|"{}"|"2022-09-10 15:21:37"|"2022-09-10 15:21:37"
"6"|"rukumwest"|federal|"1"|"0"|"[{""party"":3,""name_np"":""शेरबहादुर देउवा"",""name_en"":""Sher Bahadur Deuba"",""vote"":26196},{""party"":2,""name_np"":""रवि लामिछाने"",""name_en"":""Rabi Lamichhane"",""vote"":19906},{""party"":1,""name_np"":""पुष्पकमल दाहाल"",""name_en"":""Pushpakamal Dahal"",""vote"":8573},{""party"":0,""name_np"":""राजेन्द्र लिङ्देन"",""name_en"":""Ranjendra Lingden"",""vote"":20606}]"|"{}"|"2022-09-10 15:21:37"|"2022-09-10 15:21:37"
"6"|"salyan"|federal|"1"|"0"|"[{""party"":2,""name_np"":""बाबुरल भट्टराई"",""name_en"":""Baburam Bhattara"",""vote"":19735},{""party"":3,""name_np"":""विश्वप्रकाश सुवेदी"",""name_en"":""Bishwa Prakash Subedi"",""vote"":28232},{""party"":4,""name_np"":""गगन थापा"",""name_en"":""Gagan Thapa"",""vote"":29850},{""party"":1,""name_np"":""माधव कुमार नेपाल"",""name_en"":""Madhab Kumar Nepal"",""vote"":11245}]"|"{}"|"2022-09-10 15:21:37"|"2022-09-10 15:21:37"
"6"|"surkhet"|federal|"1"|"0"|"[{""party"":1,""name_np"":""राजेन्द्र लिङ्देन"",""name_en"":""Ranjendra Lingden"",""vote"":20154},{""party"":0,""name_np"":""रवि लामिछाने"",""name_en"":""Rabi Lamichhane"",""vote"":13444},{""party"":3,""name_np"":""योगेश भट्टराई"",""name_en"":""Yogesh Bhattarai"",""vote"":12214},{""party"":2,""name_np"":""माधव कुमार नेपाल"",""name_en"":""Madhab Kumar Nepal"",""vote"":14589}]"|"{}"|"2022-09-10 15:21:37"|"2022-09-10 15:21:37"
"6"|"surkhet"|federal|"2"|"0"|"[{""party"":3,""name_np"":""योगेश भट्टराई"",""name_en"":""Yogesh Bhattarai"",""vote"":8694},{""party"":4,""name_np"":""बाबुरल भट्टराई"",""name_en"":""Baburam Bhattara"",""vote"":14155},{""party"":1,""name_np"":""सागर ढकाल"",""name_en"":""Sagar Dhakal"",""vote"":4198},{""party"":0,""name_np"":""जलनाथ खनाल"",""name_en"":""Jhalanath Khanal"",""vote"":2758}]"|"{}"|"2022-09-10 15:21:37"|"2022-09-10 15:21:37"
"6"|"dailekh"|federal|"1"|"0"|"[{""party"":0,""name_np"":""राजेन्द्र लिङ्देन"",""name_en"":""Ranjendra Lingden"",""vote"":4708},{""party"":4,""name_np"":""सागर ढकाल"",""name_en"":""Sagar Dhakal"",""vote"":169},{""party"":2,""name_np"":""शेरबहादुर देउवा"",""name_en"":""Sher Bahadur Deuba"",""vote"":322},{""party"":1,""name_np"":""पुष्पकमल दाहाल"",""name_en"":""Pushpakamal Dahal"",""vote"":3227}]"|"{}"|"2022-09-10 15:21:37"|"2022-09-10 15:21:37"
"6"|"dailekh"|federal|"2"|"0"|"[{""party"":2,""name_np"":""राजेन्द्र लिङ्देन"",""name_en"":""Ranjendra Lingden"",""vote"":18916},{""party"":0,""name_np"":""हिमिला यामी"",""name_en"":""Hisila Yami"",""vote"":29057},{""party"":4,""name_np"":""योगेश भट्टराई"",""name_en"":""Yogesh Bhattarai"",""vote"":7841},{""party"":3,""name_np"":""शेरबहादुर देउवा"",""name_en"":""Sher Bahadur Deuba"",""vote"":20933}]"|"{}"|"2022-09-10 15:21:37"|"2022-09-10 15:21:37"
"6"|"jajarkot"|federal|"1"|"0"|"[{""party"":2,""name_np"":""रवि लामिछाने"",""name_en"":""Rabi Lamichhane"",""vote"":21882},{""party"":3,""name_np"":""सागर ढकाल"",""name_en"":""Sagar Dhakal"",""vote"":9165},{""party"":4,""name_np"":""बाबुरल भट्टराई"",""name_en"":""Baburam Bhattara"",""vote"":24494},{""party"":1,""name_np"":""योगेश भट्टराई"",""name_en"":""Yogesh Bhattarai"",""vote"":20982}]"|"{}"|"2022-09-10 15:21:37"|"2022-09-10 15:21:37"
"6"|"dolpa"|federal|"1"|"0"|"[{""party"":3,""name_np"":""गगन थापा"",""name_en"":""Gagan Thapa"",""vote"":358},{""party"":2,""name_np"":""रवि लामिछाने"",""name_en"":""Rabi Lamichhane"",""vote"":29044},{""party"":1,""name_np"":""पुष्पकमल दाहाल"",""name_en"":""Pushpakamal Dahal"",""vote"":6624},{""party"":4,""name_np"":""माधव कुमार नेपाल"",""name_en"":""Madhab Kumar Nepal"",""vote"":20826}]"|"{}"|"2022-09-10 15:21:37"|"2022-09-10 15:21:37"
"6"|"humla"|federal|"1"|"0"|"[{""party"":4,""name_np"":""गगन थापा"",""name_en"":""Gagan Thapa"",""vote"":26090},{""party"":2,""name_np"":""माधव कुमार नेपाल"",""name_en"":""Madhab Kumar Nepal"",""vote"":20955},{""party"":3,""name_np"":""विश्वप्रकाश सुवेदी"",""name_en"":""Bishwa Prakash Subedi"",""vote"":5066},{""party"":0,""name_np"":""बाबुरल भट्टराई"",""name_en"":""Baburam Bhattara"",""vote"":25725}]"|"{}"|"2022-09-10 15:21:37"|"2022-09-10 15:21:37"
"6"|"kalikot"|federal|"1"|"0"|"[{""party"":0,""name_np"":""पुष्पकमल दाहाल"",""name_en"":""Pushpakamal Dahal"",""vote"":5481},{""party"":2,""name_np"":""जलनाथ खनाल"",""name_en"":""Jhalanath Khanal"",""vote"":26400},{""party"":3,""name_np"":""सागर ढकाल"",""name_en"":""Sagar Dhakal"",""vote"":8676},{""party"":1,""name_np"":""विश्वप्रकाश सुवेदी"",""name_en"":""Bishwa Prakash Subedi"",""vote"":13478}]"|"{}"|"2022-09-10 15:21:37"|"2022-09-10 15:21:37"
"6"|"mugu"|federal|"1"|"0"|"[{""party"":2,""name_np"":""योगेश भट्टराई"",""name_en"":""Yogesh Bhattarai"",""vote"":28124},{""party"":4,""name_np"":""रवि लामिछाने"",""name_en"":""Rabi Lamichhane"",""vote"":23263},{""party"":1,""name_np"":""राजेन्द्र लिङ्देन"",""name_en"":""Ranjendra Lingden"",""vote"":26383},{""party"":0,""name_np"":""माधव कुमार नेपाल"",""name_en"":""Madhab Kumar Nepal"",""vote"":3024}]"|"{}"|"2022-09-10 15:21:37"|"2022-09-10 15:21:37"
"6"|"jumla"|federal|"1"|"0"|"[{""party"":3,""name_np"":""पुष्पकमल दाहाल"",""name_en"":""Pushpakamal Dahal"",""vote"":5972},{""party"":4,""name_np"":""शेरबहादुर देउवा"",""name_en"":""Sher Bahadur Deuba"",""vote"":8212},{""party"":2,""name_np"":""केपी ओली"",""name_en"":""KP Oli"",""vote"":27998},{""party"":0,""name_np"":""गगन थापा"",""name_en"":""Gagan Thapa"",""vote"":6054}]"|"{}"|"2022-09-10 15:21:37"|"2022-09-10 15:21:37"
"7"|"bajura"|federal|"1"|"0"|"[{""party"":3,""name_np"":""सागर ढकाल"",""name_en"":""Sagar Dhakal"",""vote"":18646},{""party"":0,""name_np"":""गगन थापा"",""name_en"":""Gagan Thapa"",""vote"":15448},{""party"":1,""name_np"":""जलनाथ खनाल"",""name_en"":""Jhalanath Khanal"",""vote"":11728},{""party"":4,""name_np"":""केपी ओली"",""name_en"":""KP Oli"",""vote"":17979}]"|"{}"|"2022-09-10 15:21:37"|"2022-09-10 15:21:37"
"7"|"bajhang"|federal|"1"|"0"|"[{""party"":1,""name_np"":""विश्वप्रकाश सुवेदी"",""name_en"":""Bishwa Prakash Subedi"",""vote"":17123},{""party"":4,""name_np"":""राजेन्द्र लिङ्देन"",""name_en"":""Ranjendra Lingden"",""vote"":25005},{""party"":3,""name_np"":""बाबुरल भट्टराई"",""name_en"":""Baburam Bhattara"",""vote"":12030},{""party"":2,""name_np"":""गगन थापा"",""name_en"":""Gagan Thapa"",""vote"":19964}]"|"{}"|"2022-09-10 15:21:37"|"2022-09-10 15:21:37"
"7"|"achham"|federal|"1"|"0"|"[{""party"":0,""name_np"":""हिमिला यामी"",""name_en"":""Hisila Yami"",""vote"":26319},{""party"":1,""name_np"":""शेरबहादुर देउवा"",""name_en"":""Sher Bahadur Deuba"",""vote"":16565},{""party"":2,""name_np"":""सागर ढकाल"",""name_en"":""Sagar Dhakal"",""vote"":15996},{""party"":4,""name_np"":""बाबुरल भट्टराई"",""name_en"":""Baburam Bhattara"",""vote"":14743}]"|"{}"|"2022-09-10 15:21:37"|"2022-09-10 15:21:37"
"7"|"achham"|federal|"2"|"0"|"[{""party"":3,""name_np"":""बाबुरल भट्टराई"",""name_en"":""Baburam Bhattara"",""vote"":8733},{""party"":0,""name_np"":""राजेन्द्र लिङ्देन"",""name_en"":""Ranjendra Lingden"",""vote"":20466},{""party"":1,""name_np"":""योगेश भट्टराई"",""name_en"":""Yogesh Bhattarai"",""vote"":5063},{""party"":4,""name_np"":""पुष्पकमल दाहाल"",""name_en"":""Pushpakamal Dahal"",""vote"":10234}]"|"{}"|"2022-09-10 15:21:37"|"2022-09-10 15:21:37"
"7"|"doti"|federal|"1"|"0"|"[{""party"":0,""name_np"":""शेरबहादुर देउवा"",""name_en"":""Sher Bahadur Deuba"",""vote"":34},{""party"":1,""name_np"":""सागर ढकाल"",""name_en"":""Sagar Dhakal"",""vote"":10034},{""party"":2,""name_np"":""राजेन्द्र लिङ्देन"",""name_en"":""Ranjendra Lingden"",""vote"":5282},{""party"":3,""name_np"":""बाबुरल भट्टराई"",""name_en"":""Baburam Bhattara"",""vote"":9927}]"|"{}"|"2022-09-10 15:21:37"|"2022-09-10 15:21:37"
"7"|"kailali"|federal|"1"|"0"|"[{""party"":1,""name_np"":""पुष्पकमल दाहाल"",""name_en"":""Pushpakamal Dahal"",""vote"":13159},{""party"":2,""name_np"":""राजेन्द्र लिङ्देन"",""name_en"":""Ranjendra Lingden"",""vote"":632},{""party"":4,""name_np"":""बाबुरल भट्टराई"",""name_en"":""Baburam Bhattara"",""vote"":1951},{""party"":0,""name_np"":""योगेश भट्टराई"",""name_en"":""Yogesh Bhattarai"",""vote"":1396}]"|"{}"|"2022-09-10 15:21:37"|"2022-09-10 15:21:37"
"7"|"kailali"|federal|"2"|"0"|"[{""party"":1,""name_np"":""केपी ओली"",""name_en"":""KP Oli"",""vote"":28475},{""party"":2,""name_np"":""माधव कुमार नेपाल"",""name_en"":""Madhab Kumar Nepal"",""vote"":6238},{""party"":0,""name_np"":""सागर ढकाल"",""name_en"":""Sagar Dhakal"",""vote"":26986},{""party"":4,""name_np"":""गगन थापा"",""name_en"":""Gagan Thapa"",""vote"":51}]"|"{}"|"2022-09-10 15:21:37"|"2022-09-10 15:21:37"
"7"|"kailali"|federal|"3"|"1"|"[{""party"":0,""name_np"":""पुष्पकमल दाहाल"",""name_en"":""Pushpakamal Dahal"",""vote"":27236},{""party"":1,""name_np"":""केपी ओली"",""name_en"":""KP Oli"",""vote"":18385},{""party"":2,""name_np"":""जलनाथ खनाल"",""name_en"":""Jhalanath Khanal"",""vote"":17360},{""party"":3,""name_np"":""रवि लामिछाने"",""name_en"":""Rabi Lamichhane"",""vote"":3985}]"|"{""party"":0,""name_np"":""पुष्पकमल दाहाल"",""name_en"":""Pushpakamal Dahal"",""vote"":27236}"|"2022-09-10 15:21:37"|"2022-09-10 15:21:37"
"7"|"kailali"|federal|"4"|"0"|"[{""party"":4,""name_np"":""हिमिला यामी"",""name_en"":""Hisila Yami"",""vote"":3451},{""party"":2,""name_np"":""गगन थापा"",""name_en"":""Gagan Thapa"",""vote"":8139},{""party"":0,""name_np"":""शेरबहादुर देउवा"",""name_en"":""Sher Bahadur Deuba"",""vote"":27826},{""party"":3,""name_np"":""जलनाथ खनाल"",""name_en"":""Jhalanath Khanal"",""vote"":10708}]"|"{}"|"2022-09-10 15:21:37"|"2022-09-10 15:21:37"
"7"|"kailali"|federal|"5"|"0"|"[{""party"":4,""name_np"":""बाबुरल भट्टराई"",""name_en"":""Baburam Bhattara"",""vote"":29571},{""party"":1,""name_np"":""रवि लामिछाने"",""name_en"":""Rabi Lamichhane"",""vote"":26132},{""party"":3,""name_np"":""शेरबहादुर देउवा"",""name_en"":""Sher Bahadur Deuba"",""vote"":28804},{""party"":2,""name_np"":""केपी ओली"",""name_en"":""KP Oli"",""vote"":18214}]"|"{}"|"2022-09-10 15:21:37"|"2022-09-10 15:21:37"
"7"|"kanchanpur"|federal|"1"|"0"|"[{""party"":2,""name_np"":""केपी ओली"",""name_en"":""KP Oli"",""vote"":16383},{""party"":0,""name_np"":""विश्वप्रकाश सुवेदी"",""name_en"":""Bishwa Prakash Subedi"",""vote"":12614},{""party"":3,""name_np"":""गगन थापा"",""name_en"":""Gagan Thapa"",""vote"":28846},{""party"":1,""name_np"":""पुष्पकमल दाहाल"",""name_en"":""Pushpakamal Dahal"",""vote"":3242}]"|"{}"|"2022-09-10 15:21:37"|"2022-09-10 15:21:37"
"7"|"kanchanpur"|federal|"2"|"0"|"[{""party"":4,""name_np"":""शेरबहादुर देउवा"",""name_en"":""Sher Bahadur Deuba"",""vote"":735},{""party"":1,""name_np"":""बाबुरल भट्टराई"",""name_en"":""Baburam Bhattara"",""vote"":20584},{""party"":0,""name_np"":""रवि लामिछाने"",""name_en"":""Rabi Lamichhane"",""vote"":22154},{""party"":3,""name_np"":""विश्वप्रकाश सुवेदी"",""name_en"":""Bishwa Prakash Subedi"",""vote"":8404}]"|"{}"|"2022-09-10 15:21:37"|"2022-09-10 15:21:37"
"7"|"kanchanpur"|federal|"3"|"1"|"[{""party"":2,""name_np"":""पुष्पकमल दाहाल"",""name_en"":""Pushpakamal Dahal"",""vote"":23352},{""party"":4,""name_np"":""सागर ढकाल"",""name_en"":""Sagar Dhakal"",""vote"":14424},{""party"":1,""name_np"":""विश्वप्रकाश सुवेदी"",""name_en"":""Bishwa Prakash Subedi"",""vote"":9412},{""party"":3,""name_np"":""शेरबहादुर देउवा"",""name_en"":""Sher Bahadur Deuba"",""vote"":3845}]"|"{""party"":2,""name_np"":""पुष्पकमल दाहाल"",""name_en"":""Pushpakamal Dahal"",""vote"":23352}"|"2022-09-10 15:21:37"|"2022-09-10 15:21:37"
"7"|"dadeldhura"|federal|"1"|"0"|"[{""party"":3,""name_np"":""केपी ओली"",""name_en"":""KP Oli"",""vote"":17245},{""party"":2,""name_np"":""जलनाथ खनाल"",""name_en"":""Jhalanath Khanal"",""vote"":17271},{""party"":4,""name_np"":""सागर ढकाल"",""name_en"":""Sagar Dhakal"",""vote"":17214},{""party"":0,""name_np"":""राजेन्द्र लिङ्देन"",""name_en"":""Ranjendra Lingden"",""vote"":20629}]"|"{}"|"2022-09-10 15:21:37"|"2022-09-10 15:21:37"
"7"|"baitadi"|federal|"1"|"0"|"[{""party"":3,""name_np"":""गगन थापा"",""name_en"":""Gagan Thapa"",""vote"":1375},{""party"":2,""name_np"":""बाबुरल भट्टराई"",""name_en"":""Baburam Bhattara"",""vote"":12608},{""party"":0,""name_np"":""योगेश भट्टराई"",""name_en"":""Yogesh Bhattarai"",""vote"":16575},{""party"":1,""name_np"":""शेरबहादुर देउवा"",""name_en"":""Sher Bahadur Deuba"",""vote"":18941}]"|"{}"|"2022-09-10 15:21:37"|"2022-09-10 15:21:37"
"7"|"darchula"|federal|"1"|"0"|"[{""party"":2,""name_np"":""गगन थापा"",""name_en"":""Gagan Thapa"",""vote"":8903},{""party"":0,""name_np"":""रवि लामिछाने"",""name_en"":""Rabi Lamichhane"",""vote"":13182},{""party"":4,""name_np"":""पुष्पकमल दाहाल"",""name_en"":""Pushpakamal Dahal"",""vote"":1983},{""party"":3,""name_np"":""शेरबहादुर देउवा"",""name_en"":""Sher Bahadur Deuba"",""vote"":16780}]"|"{}"|"2022-09-10 15:21:37"|"2022-09-10 15:21:37"
